INSERT INTO `layer` (`idlayer`) VALUES (2);
INSERT INTO `layer` (`idlayer`) VALUES (3);
INSERT INTO `layer` (`idlayer`) VALUES (4);
INSERT INTO `layer` (`idlayer`) VALUES (5);
INSERT INTO `layer` (`idlayer`) VALUES (6);
INSERT INTO `layer` (`idlayer`) VALUES (7);
INSERT INTO `layer` (`idlayer`) VALUES (8);
INSERT INTO `layer` (`idlayer`) VALUES (9);
INSERT INTO `layer` (`idlayer`) VALUES (10);
INSERT INTO `entity` (`identity`,`layer`) VALUES (4,2);
INSERT INTO `object` (`idobject`,`objtype`,`name`) VALUES (4,1,'Точка3');
INSERT INTO `param` (`idparam`,`value`) VALUES (0,-0.251316);
INSERT INTO `objparam` (`idobject`,`idparam`,`num`) VALUES (4,0,0);
INSERT INTO `param` (`idparam`,`value`) VALUES (1,0.240585);
INSERT INTO `objparam` (`idobject`,`idparam`,`num`) VALUES (4,1,1);
INSERT INTO `entity` (`identity`,`layer`) VALUES (5,2);
INSERT INTO `object` (`idobject`, `objtype`,`name`)  VALUES (5,3,'Окружность1');
INSERT INTO `param` (`idparam`,`value`) VALUES (2,0.210458);
INSERT INTO `objparam` (`idobject`,`idparam`) VALUES (5,2);
UPDATE `object` SET `idparent` = 5 WHERE `idobject` = 4;
INSERT INTO `entity` (`identity`,`layer`) VALUES (6,2);
INSERT INTO `object` (`idobject`,`objtype`,`name`) VALUES (6,1,'Точка4');
INSERT INTO `param` (`idparam`,`value`) VALUES (3,0.633735);
INSERT INTO `objparam` (`idobject`,`idparam`,`num`) VALUES (6,3,0);
INSERT INTO `param` (`idparam`,`value`) VALUES (4,0.240585);
INSERT INTO `objparam` (`idobject`,`idparam`,`num`) VALUES (6,4,1);
INSERT INTO `entity` (`identity`,`layer`) VALUES (7,2);
INSERT INTO `object` (`idobject`, `objtype`,`name`)  VALUES (7,3,'Окружность2');
INSERT INTO `param` (`idparam`,`value`) VALUES (5,0.210458);
INSERT INTO `objparam` (`idobject`,`idparam`) VALUES (7,5);
UPDATE `object` SET `idparent` = 7 WHERE `idobject` = 6;
INSERT INTO `entity` (`identity`,`layer`) VALUES (12,2);
INSERT INTO `object` (`idobject`,`objtype`,`name`) VALUES (12,1,'Точка1');
INSERT INTO `param` (`idparam`,`value`) VALUES (6,-0.251316);
INSERT INTO `objparam` (`idobject`,`idparam`,`num`) VALUES (12,6,0);
INSERT INTO `param` (`idparam`,`value`) VALUES (7,0.240585);
INSERT INTO `objparam` (`idobject`,`idparam`,`num`) VALUES (12,7,1);
INSERT INTO `entity` (`identity`,`layer`) VALUES (13,2);
INSERT INTO `object` (`idobject`,`objtype`,`name`) VALUES (13,1,'Точка2');
INSERT INTO `param` (`idparam`,`value`) VALUES (8,-0.251316);
INSERT INTO `objparam` (`idobject`,`idparam`,`num`) VALUES (13,8,0);
INSERT INTO `param` (`idparam`,`value`) VALUES (9,0.0301265);
INSERT INTO `objparam` (`idobject`,`idparam`,`num`) VALUES (13,9,1);
INSERT INTO `entity` (`identity`,`layer`) VALUES (14,2);
INSERT INTO `object` (`idobject`, `objtype`,`name`)  VALUES (14,2,'Отрезок1');
UPDATE `object` SET `idparent` = 14 WHERE `idobject` = 13;
UPDATE `object` SET `idparent` = 14 WHERE `idobject` = 12;
INSERT INTO `entity` (`identity`,`layer`) VALUES (18,2);
INSERT INTO `object` (`idobject`,`objtype`,`name`) VALUES (18,1,'Точка3');
INSERT INTO `param` (`idparam`,`value`) VALUES (10,0.633735);
INSERT INTO `objparam` (`idobject`,`idparam`,`num`) VALUES (18,10,0);
INSERT INTO `param` (`idparam`,`value`) VALUES (11,0.240585);
INSERT INTO `objparam` (`idobject`,`idparam`,`num`) VALUES (18,11,1);
INSERT INTO `entity` (`identity`,`layer`) VALUES (19,2);
INSERT INTO `object` (`idobject`,`objtype`,`name`) VALUES (19,1,'Точка4');
INSERT INTO `param` (`idparam`,`value`) VALUES (12,0.633735);
INSERT INTO `objparam` (`idobject`,`idparam`,`num`) VALUES (19,12,0);
INSERT INTO `param` (`idparam`,`value`) VALUES (13,0.0301265);
INSERT INTO `objparam` (`idobject`,`idparam`,`num`) VALUES (19,13,1);
INSERT INTO `entity` (`identity`,`layer`) VALUES (20,2);
INSERT INTO `object` (`idobject`, `objtype`,`name`)  VALUES (20,2,'Отрезок2');
UPDATE `object` SET `idparent` = 20 WHERE `idobject` = 19;
UPDATE `object` SET `idparent` = 20 WHERE `idobject` = 18;
INSERT INTO `entity` (`identity`,`layer`) VALUES (24,2);
INSERT INTO `object` (`idobject`,`objtype`,`name`) VALUES (24,1,'Точка5');
INSERT INTO `param` (`idparam`,`value`) VALUES (14,-0.0918551);
INSERT INTO `objparam` (`idobject`,`idparam`,`num`) VALUES (24,14,0);
INSERT INTO `param` (`idparam`,`value`) VALUES (15,0.612986);
INSERT INTO `objparam` (`idobject`,`idparam`,`num`) VALUES (24,15,1);
INSERT INTO `entity` (`identity`,`layer`) VALUES (25,2);
INSERT INTO `object` (`idobject`,`objtype`,`name`) VALUES (25,1,'Точка6');
INSERT INTO `param` (`idparam`,`value`) VALUES (16,-0.151069);
INSERT INTO `objparam` (`idobject`,`idparam`,`num`) VALUES (25,16,0);
INSERT INTO `param` (`idparam`,`value`) VALUES (17,0.465628);
INSERT INTO `objparam` (`idobject`,`idparam`,`num`) VALUES (25,17,1);
INSERT INTO `entity` (`identity`,`layer`) VALUES (26,2);
INSERT INTO `object` (`idobject`, `objtype`,`name`)  VALUES (26,2,'Отрезок3');
UPDATE `object` SET `idparent` = 26 WHERE `idobject` = 25;
UPDATE `object` SET `idparent` = 26 WHERE `idobject` = 24;
INSERT INTO `entity` (`identity`,`layer`) VALUES (27,2);
INSERT INTO `object` (`idobject`,`objtype`,`name`) VALUES (27,1,'Точка7');
INSERT INTO `param` (`idparam`,`value`) VALUES (18,-0.151069);
INSERT INTO `objparam` (`idobject`,`idparam`,`num`) VALUES (27,18,0);
INSERT INTO `param` (`idparam`,`value`) VALUES (19,0.465628);
INSERT INTO `objparam` (`idobject`,`idparam`,`num`) VALUES (27,19,1);
INSERT INTO `entity` (`identity`,`layer`) VALUES (28,2);
INSERT INTO `object` (`idobject`,`objtype`,`name`) VALUES (28,1,'Точка8');
INSERT INTO `param` (`idparam`,`value`) VALUES (20,-0.125004);
INSERT INTO `objparam` (`idobject`,`idparam`,`num`) VALUES (28,20,0);
INSERT INTO `param` (`idparam`,`value`) VALUES (21,0.455154);
INSERT INTO `objparam` (`idobject`,`idparam`,`num`) VALUES (28,21,1);
INSERT INTO `entity` (`identity`,`layer`) VALUES (29,2);
INSERT INTO `object` (`idobject`, `objtype`,`name`)  VALUES (29,2,'Отрезок4');
UPDATE `object` SET `idparent` = 29 WHERE `idobject` = 28;
UPDATE `object` SET `idparent` = 29 WHERE `idobject` = 27;
INSERT INTO `entity` (`identity`,`layer`) VALUES (31,2);
INSERT INTO `object` (`idobject`,`objtype`,`name`) VALUES (31,1,'Точка9');
INSERT INTO `param` (`idparam`,`value`) VALUES (22,-0.125004);
INSERT INTO `objparam` (`idobject`,`idparam`,`num`) VALUES (31,22,0);
INSERT INTO `param` (`idparam`,`value`) VALUES (23,0.455154);
INSERT INTO `objparam` (`idobject`,`idparam`,`num`) VALUES (31,23,1);
INSERT INTO `entity` (`identity`,`layer`) VALUES (32,2);
INSERT INTO `object` (`idobject`,`objtype`,`name`) VALUES (32,1,'Точка10');
INSERT INTO `param` (`idparam`,`value`) VALUES (24,-0.0657903);
INSERT INTO `objparam` (`idobject`,`idparam`,`num`) VALUES (32,24,0);
INSERT INTO `param` (`idparam`,`value`) VALUES (25,0.602512);
INSERT INTO `objparam` (`idobject`,`idparam`,`num`) VALUES (32,25,1);
INSERT INTO `entity` (`identity`,`layer`) VALUES (33,2);
INSERT INTO `object` (`idobject`, `objtype`,`name`)  VALUES (33,2,'Отрезок5');
UPDATE `object` SET `idparent` = 33 WHERE `idobject` = 32;
UPDATE `object` SET `idparent` = 33 WHERE `idobject` = 31;
INSERT INTO `entity` (`identity`,`layer`) VALUES (35,2);
INSERT INTO `object` (`idobject`,`objtype`,`name`) VALUES (35,1,'Точка11');
INSERT INTO `param` (`idparam`,`value`) VALUES (26,-0.0657903);
INSERT INTO `objparam` (`idobject`,`idparam`,`num`) VALUES (35,26,0);
INSERT INTO `param` (`idparam`,`value`) VALUES (27,0.602512);
INSERT INTO `objparam` (`idobject`,`idparam`,`num`) VALUES (35,27,1);
INSERT INTO `layer` (`idlayer`) VALUES (3);
INSERT INTO `entity` (`identity`,`layer`) VALUES (36,3);
INSERT INTO `object` (`idobject`,`objtype`,`name`) VALUES (36,1,'Точка12');
INSERT INTO `param` (`idparam`,`value`) VALUES (28,-0.0918551);
INSERT INTO `objparam` (`idobject`,`idparam`,`num`) VALUES (36,28,0);
INSERT INTO `param` (`idparam`,`value`) VALUES (29,0.612986);
INSERT INTO `objparam` (`idobject`,`idparam`,`num`) VALUES (36,29,1);
INSERT INTO `entity` (`identity`,`layer`) VALUES (37,3);
INSERT INTO `object` (`idobject`, `objtype`,`name`)  VALUES (37,2,'Отрезок6');
UPDATE `object` SET `idparent` = 37 WHERE `idobject` = 36;
UPDATE `object` SET `idparent` = 37 WHERE `idobject` = 35;
INSERT INTO `entity` (`identity`,`layer`) VALUES (50,3);
INSERT INTO `object` (`idobject`,`objtype`,`name`) VALUES (50,1,'Точка15');
INSERT INTO `param` (`idparam`,`value`) VALUES (30,-0.0898813);
INSERT INTO `objparam` (`idobject`,`idparam`,`num`) VALUES (50,30,0);
INSERT INTO `param` (`idparam`,`value`) VALUES (31,0.580228);
INSERT INTO `objparam` (`idobject`,`idparam`,`num`) VALUES (50,31,1);
INSERT INTO `entity` (`identity`,`layer`) VALUES (51,3);
INSERT INTO `object` (`idobject`,`objtype`,`name`) VALUES (51,1,'Точка16');
INSERT INTO `param` (`idparam`,`value`) VALUES (32,0.326013);
INSERT INTO `objparam` (`idobject`,`idparam`,`num`) VALUES (51,32,0);
INSERT INTO `param` (`idparam`,`value`) VALUES (33,0.398133);
INSERT INTO `objparam` (`idobject`,`idparam`,`num`) VALUES (51,33,1);
INSERT INTO `entity` (`identity`,`layer`) VALUES (52,3);
INSERT INTO `object` (`idobject`, `objtype`,`name`)  VALUES (52,2,'Отрезок8');
UPDATE `object` SET `idparent` = 52 WHERE `idobject` = 51;
UPDATE `object` SET `idparent` = 52 WHERE `idobject` = 50;
INSERT INTO `entity` (`identity`,`layer`) VALUES (54,3);
INSERT INTO `object` (`idobject`,`objtype`,`name`) VALUES (54,1,'Точка17');
INSERT INTO `param` (`idparam`,`value`) VALUES (34,0.326013);
INSERT INTO `objparam` (`idobject`,`idparam`,`num`) VALUES (54,34,0);
INSERT INTO `param` (`idparam`,`value`) VALUES (35,0.398133);
INSERT INTO `objparam` (`idobject`,`idparam`,`num`) VALUES (54,35,1);
INSERT INTO `entity` (`identity`,`layer`) VALUES (55,3);
INSERT INTO `object` (`idobject`,`objtype`,`name`) VALUES (55,1,'Точка18');
INSERT INTO `param` (`idparam`,`value`) VALUES (36,0.269028);
INSERT INTO `objparam` (`idobject`,`idparam`,`num`) VALUES (55,36,0);
INSERT INTO `param` (`idparam`,`value`) VALUES (37,0.208199);
INSERT INTO `objparam` (`idobject`,`idparam`,`num`) VALUES (55,37,1);
INSERT INTO `entity` (`identity`,`layer`) VALUES (56,3);
INSERT INTO `object` (`idobject`, `objtype`,`name`)  VALUES (56,2,'Отрезок9');
UPDATE `object` SET `idparent` = 56 WHERE `idobject` = 55;
UPDATE `object` SET `idparent` = 56 WHERE `idobject` = 54;
INSERT INTO `entity` (`identity`,`layer`) VALUES (58,3);
INSERT INTO `object` (`idobject`,`objtype`,`name`) VALUES (58,1,'Точка19');
INSERT INTO `param` (`idparam`,`value`) VALUES (38,0.269028);
INSERT INTO `objparam` (`idobject`,`idparam`,`num`) VALUES (58,38,0);
INSERT INTO `param` (`idparam`,`value`) VALUES (39,0.208199);
INSERT INTO `objparam` (`idobject`,`idparam`,`num`) VALUES (58,39,1);
INSERT INTO `entity` (`identity`,`layer`) VALUES (59,3);
INSERT INTO `object` (`idobject`,`objtype`,`name`) VALUES (59,1,'Точка20');
INSERT INTO `param` (`idparam`,`value`) VALUES (40,-0.126471);
INSERT INTO `objparam` (`idobject`,`idparam`,`num`) VALUES (59,40,0);
INSERT INTO `param` (`idparam`,`value`) VALUES (41,0.489171);
INSERT INTO `objparam` (`idobject`,`idparam`,`num`) VALUES (59,41,1);
INSERT INTO `entity` (`identity`,`layer`) VALUES (60,3);
INSERT INTO `object` (`idobject`, `objtype`,`name`)  VALUES (60,2,'Отрезок10');
UPDATE `object` SET `idparent` = 60 WHERE `idobject` = 59;
UPDATE `object` SET `idparent` = 60 WHERE `idobject` = 58;
INSERT INTO `entity` (`identity`,`layer`) VALUES (63,3);
INSERT INTO `object` (`idobject`,`objtype`,`name`) VALUES (63,1,'Точка21');
INSERT INTO `param` (`idparam`,`value`) VALUES (42,0.326013);
INSERT INTO `objparam` (`idobject`,`idparam`,`num`) VALUES (63,42,0);
INSERT INTO `param` (`idparam`,`value`) VALUES (43,0.398133);
INSERT INTO `objparam` (`idobject`,`idparam`,`num`) VALUES (63,43,1);
INSERT INTO `entity` (`identity`,`layer`) VALUES (64,3);
INSERT INTO `object` (`idobject`,`objtype`,`name`) VALUES (64,1,'Точка22');
INSERT INTO `param` (`idparam`,`value`) VALUES (44,0.633735);
INSERT INTO `objparam` (`idobject`,`idparam`,`num`) VALUES (64,44,0);
INSERT INTO `param` (`idparam`,`value`) VALUES (45,0.240585);
INSERT INTO `objparam` (`idobject`,`idparam`,`num`) VALUES (64,45,1);
INSERT INTO `entity` (`identity`,`layer`) VALUES (65,3);
INSERT INTO `object` (`idobject`, `objtype`,`name`)  VALUES (65,2,'Отрезок11');
UPDATE `object` SET `idparent` = 65 WHERE `idobject` = 64;
UPDATE `object` SET `idparent` = 65 WHERE `idobject` = 63;
INSERT INTO `entity` (`identity`,`layer`) VALUES (68,3);
INSERT INTO `object` (`idobject`,`objtype`,`name`) VALUES (68,1,'Точка23');
INSERT INTO `param` (`idparam`,`value`) VALUES (46,0.633735);
INSERT INTO `objparam` (`idobject`,`idparam`,`num`) VALUES (68,46,0);
INSERT INTO `param` (`idparam`,`value`) VALUES (47,0.240585);
INSERT INTO `objparam` (`idobject`,`idparam`,`num`) VALUES (68,47,1);
INSERT INTO `entity` (`identity`,`layer`) VALUES (69,3);
INSERT INTO `object` (`idobject`,`objtype`,`name`) VALUES (69,1,'Точка24');
INSERT INTO `param` (`idparam`,`value`) VALUES (48,0.269028);
INSERT INTO `objparam` (`idobject`,`idparam`,`num`) VALUES (69,48,0);
INSERT INTO `param` (`idparam`,`value`) VALUES (49,0.208199);
INSERT INTO `objparam` (`idobject`,`idparam`,`num`) VALUES (69,49,1);
INSERT INTO `entity` (`identity`,`layer`) VALUES (70,3);
INSERT INTO `object` (`idobject`, `objtype`,`name`)  VALUES (70,2,'Отрезок12');
UPDATE `object` SET `idparent` = 70 WHERE `idobject` = 69;
UPDATE `object` SET `idparent` = 70 WHERE `idobject` = 68;
INSERT INTO `entity` (`identity`,`layer`) VALUES (73,3);
INSERT INTO `object` (`idobject`,`objtype`,`name`) VALUES (73,1,'Точка25');
INSERT INTO `param` (`idparam`,`value`) VALUES (50,0.269028);
INSERT INTO `objparam` (`idobject`,`idparam`,`num`) VALUES (73,50,0);
INSERT INTO `param` (`idparam`,`value`) VALUES (51,0.208199);
INSERT INTO `objparam` (`idobject`,`idparam`,`num`) VALUES (73,51,1);
INSERT INTO `entity` (`identity`,`layer`) VALUES (74,3);
INSERT INTO `object` (`idobject`, `objtype`,`name`)  VALUES (74,3,'Окружность1');
INSERT INTO `param` (`idparam`,`value`) VALUES (52,0.0155836);
INSERT INTO `objparam` (`idobject`,`idparam`) VALUES (74,52);
UPDATE `object` SET `idparent` = 74 WHERE `idobject` = 73;
INSERT INTO `entity` (`identity`,`layer`) VALUES (76,3);
INSERT INTO `object` (`idobject`,`objtype`,`name`) VALUES (76,1,'Точка26');
INSERT INTO `param` (`idparam`,`value`) VALUES (53,-0.0788227);
INSERT INTO `objparam` (`idobject`,`idparam`,`num`) VALUES (76,53,0);
INSERT INTO `param` (`idparam`,`value`) VALUES (54,0.607749);
INSERT INTO `objparam` (`idobject`,`idparam`,`num`) VALUES (76,54,1);
INSERT INTO `layer` (`idlayer`) VALUES (4);
INSERT INTO `entity` (`identity`,`layer`) VALUES (77,4);
INSERT INTO `object` (`idobject`,`objtype`,`name`) VALUES (77,1,'Точка27');
INSERT INTO `param` (`idparam`,`value`) VALUES (55,-0.310932);
INSERT INTO `objparam` (`idobject`,`idparam`,`num`) VALUES (77,55,0);
INSERT INTO `param` (`idparam`,`value`) VALUES (56,0.0301265);
INSERT INTO `objparam` (`idobject`,`idparam`,`num`) VALUES (77,56,1);
INSERT INTO `entity` (`identity`,`layer`) VALUES (78,4);
INSERT INTO `object` (`idobject`, `objtype`,`name`)  VALUES (78,2,'Отрезок13');
UPDATE `object` SET `idparent` = 78 WHERE `idobject` = 77;
UPDATE `object` SET `idparent` = 78 WHERE `idobject` = 76;
INSERT INTO `entity` (`identity`,`layer`) VALUES (85,4);
INSERT INTO `object` (`idobject`,`objtype`,`name`) VALUES (85,1,'Точка1');
INSERT INTO `param` (`idparam`,`value`) VALUES (57,-0.0671082);
INSERT INTO `objparam` (`idobject`,`idparam`,`num`) VALUES (85,57,0);
INSERT INTO `param` (`idparam`,`value`) VALUES (58,0.636901);
INSERT INTO `objparam` (`idobject`,`idparam`,`num`) VALUES (85,58,1);
INSERT INTO `entity` (`identity`,`layer`) VALUES (86,4);
INSERT INTO `object` (`idobject`,`objtype`,`name`) VALUES (86,1,'Точка2');
INSERT INTO `param` (`idparam`,`value`) VALUES (59,-0.160795);
INSERT INTO `objparam` (`idobject`,`idparam`,`num`) VALUES (86,59,0);
INSERT INTO `param` (`idparam`,`value`) VALUES (60,0.650536);
INSERT INTO `objparam` (`idobject`,`idparam`,`num`) VALUES (86,60,1);
INSERT INTO `entity` (`identity`,`layer`) VALUES (87,4);
INSERT INTO `object` (`idobject`, `objtype`,`name`)  VALUES (87,2,'Отрезок1');
UPDATE `object` SET `idparent` = 87 WHERE `idobject` = 86;
UPDATE `object` SET `idparent` = 87 WHERE `idobject` = 85;
INSERT INTO `entity` (`identity`,`layer`) VALUES (96,4);
INSERT INTO `object` (`idobject`,`objtype`,`name`) VALUES (96,1,'Точка6');
INSERT INTO `param` (`idparam`,`value`) VALUES (61,-0.161774);
INSERT INTO `objparam` (`idobject`,`idparam`,`num`) VALUES (96,61,0);
INSERT INTO `param` (`idparam`,`value`) VALUES (62,0.63862);
INSERT INTO `objparam` (`idobject`,`idparam`,`num`) VALUES (96,62,1);
INSERT INTO `entity` (`identity`,`layer`) VALUES (97,4);
INSERT INTO `object` (`idobject`,`objtype`,`name`) VALUES (97,1,'Точка7');
INSERT INTO `param` (`idparam`,`value`) VALUES (63,-0.160795);
INSERT INTO `objparam` (`idobject`,`idparam`,`num`) VALUES (97,63,0);
INSERT INTO `param` (`idparam`,`value`) VALUES (64,0.650536);
INSERT INTO `objparam` (`idobject`,`idparam`,`num`) VALUES (97,64,1);
INSERT INTO `entity` (`identity`,`layer`) VALUES (98,4);
INSERT INTO `object` (`idobject`,`objtype`,`name`) VALUES (98,1,'Точка8');
INSERT INTO `param` (`idparam`,`value`) VALUES (65,-0.163043);
INSERT INTO `objparam` (`idobject`,`idparam`,`num`) VALUES (98,65,0);
INSERT INTO `param` (`idparam`,`value`) VALUES (66,0.626736);
INSERT INTO `objparam` (`idobject`,`idparam`,`num`) VALUES (98,66,1);
INSERT INTO `entity` (`identity`,`layer`) VALUES (99,4);
INSERT INTO `object` (`idobject`, `objtype`,`name`)  VALUES (99,4,'Дуга2');
UPDATE `object` SET `idparent` = 99 WHERE `idobject` = 98;
UPDATE `object` SET `idparent` = 99 WHERE `idobject` = 97;
UPDATE `object` SET `idparent` = 99 WHERE `idobject` = 96;
INSERT INTO `entity` (`identity`,`layer`) VALUES (102,4);
INSERT INTO `object` (`idobject`,`objtype`,`name`) VALUES (102,1,'Точка9');
INSERT INTO `param` (`idparam`,`value`) VALUES (67,-0.548464);
INSERT INTO `objparam` (`idobject`,`idparam`,`num`) VALUES (102,67,0);
INSERT INTO `param` (`idparam`,`value`) VALUES (68,0.0301265);
INSERT INTO `objparam` (`idobject`,`idparam`,`num`) VALUES (102,68,1);
INSERT INTO `entity` (`identity`,`layer`) VALUES (103,4);
INSERT INTO `object` (`idobject`,`objtype`,`name`) VALUES (103,1,'Точка10');
INSERT INTO `param` (`idparam`,`value`) VALUES (69,0.813037);
INSERT INTO `objparam` (`idobject`,`idparam`,`num`) VALUES (103,69,0);
INSERT INTO `param` (`idparam`,`value`) VALUES (70,0.0301265);
INSERT INTO `objparam` (`idobject`,`idparam`,`num`) VALUES (103,70,1);
INSERT INTO `entity` (`identity`,`layer`) VALUES (104,4);
INSERT INTO `object` (`idobject`, `objtype`,`name`)  VALUES (104,2,'Отрезок2');
UPDATE `object` SET `idparent` = 104 WHERE `idobject` = 103;
UPDATE `object` SET `idparent` = 104 WHERE `idobject` = 102;
INSERT INTO `entity` (`identity`,`layer`) VALUES (112,4);
INSERT INTO `object` (`idobject`,`objtype`,`name`) VALUES (112,1,'Точка11');
INSERT INTO `param` (`idparam`,`value`) VALUES (71,0.269028);
INSERT INTO `objparam` (`idobject`,`idparam`,`num`) VALUES (112,71,0);
INSERT INTO `param` (`idparam`,`value`) VALUES (72,0.208199);
INSERT INTO `objparam` (`idobject`,`idparam`,`num`) VALUES (112,72,1);
INSERT INTO `entity` (`identity`,`layer`) VALUES (113,4);
INSERT INTO `object` (`idobject`, `objtype`,`name`)  VALUES (113,3,'Окружность1');
INSERT INTO `param` (`idparam`,`value`) VALUES (73,0.0466138);
INSERT INTO `objparam` (`idobject`,`idparam`) VALUES (113,73);
UPDATE `object` SET `idparent` = 113 WHERE `idobject` = 112;
INSERT INTO `entity` (`identity`,`layer`) VALUES (115,4);
INSERT INTO `object` (`idobject`,`objtype`,`name`) VALUES (115,1,'Точка12');
INSERT INTO `param` (`idparam`,`value`) VALUES (74,-0.251316);
INSERT INTO `objparam` (`idobject`,`idparam`,`num`) VALUES (115,74,0);
INSERT INTO `param` (`idparam`,`value`) VALUES (75,0.240585);
INSERT INTO `objparam` (`idobject`,`idparam`,`num`) VALUES (115,75,1);
INSERT INTO `entity` (`identity`,`layer`) VALUES (116,4);
INSERT INTO `object` (`idobject`, `objtype`,`name`)  VALUES (116,3,'Окружность2');
INSERT INTO `param` (`idparam`,`value`) VALUES (76,0.2);
INSERT INTO `objparam` (`idobject`,`idparam`) VALUES (116,76);
UPDATE `object` SET `idparent` = 116 WHERE `idobject` = 115;
INSERT INTO `entity` (`identity`,`layer`) VALUES (118,4);
INSERT INTO `object` (`idobject`,`objtype`,`name`) VALUES (118,1,'Точка13');
INSERT INTO `param` (`idparam`,`value`) VALUES (77,0.633735);
INSERT INTO `objparam` (`idobject`,`idparam`,`num`) VALUES (118,77,0);
INSERT INTO `param` (`idparam`,`value`) VALUES (78,0.240585);
INSERT INTO `objparam` (`idobject`,`idparam`,`num`) VALUES (118,78,1);
INSERT INTO `entity` (`identity`,`layer`) VALUES (119,4);
INSERT INTO `object` (`idobject`, `objtype`,`name`)  VALUES (119,3,'Окружность3');
INSERT INTO `param` (`idparam`,`value`) VALUES (79,0.2);
INSERT INTO `objparam` (`idobject`,`idparam`) VALUES (119,79);
UPDATE `object` SET `idparent` = 119 WHERE `idobject` = 118;
INSERT INTO `entity` (`identity`,`layer`) VALUES (122,4);
INSERT INTO `object` (`idobject`,`objtype`,`name`) VALUES (122,1,'Точка1');
INSERT INTO `param` (`idparam`,`value`) VALUES (80,-0.154216);
INSERT INTO `objparam` (`idobject`,`idparam`,`num`) VALUES (122,80,0);
INSERT INTO `param` (`idparam`,`value`) VALUES (81,0.456473);
INSERT INTO `objparam` (`idobject`,`idparam`,`num`) VALUES (122,81,1);
INSERT INTO `entity` (`identity`,`layer`) VALUES (123,4);
INSERT INTO `object` (`idobject`,`objtype`,`name`) VALUES (123,1,'Точка2');
INSERT INTO `param` (`idparam`,`value`) VALUES (82,-0.254959);
INSERT INTO `objparam` (`idobject`,`idparam`,`num`) VALUES (123,82,0);
INSERT INTO `param` (`idparam`,`value`) VALUES (83,0.242445);
INSERT INTO `objparam` (`idobject`,`idparam`,`num`) VALUES (123,83,1);
INSERT INTO `layer` (`idlayer`) VALUES (5);
INSERT INTO `entity` (`identity`,`layer`) VALUES (124,5);
INSERT INTO `object` (`idobject`, `objtype`,`name`)  VALUES (124,2,'Отрезок1');
UPDATE `object` SET `idparent` = 124 WHERE `idobject` = 123;
UPDATE `object` SET `idparent` = 124 WHERE `idobject` = 122;
INSERT INTO `entity` (`identity`,`layer`) VALUES (125,5);
INSERT INTO `object` (`idobject`,`objtype`,`name`) VALUES (125,1,'Точка3');
INSERT INTO `param` (`idparam`,`value`) VALUES (84,-0.130958);
INSERT INTO `objparam` (`idobject`,`idparam`,`num`) VALUES (125,84,0);
INSERT INTO `param` (`idparam`,`value`) VALUES (85,0.446387);
INSERT INTO `objparam` (`idobject`,`idparam`,`num`) VALUES (125,85,1);
INSERT INTO `entity` (`identity`,`layer`) VALUES (126,5);
INSERT INTO `object` (`idobject`,`objtype`,`name`) VALUES (126,1,'Точка4');
INSERT INTO `param` (`idparam`,`value`) VALUES (86,-0.247686);
INSERT INTO `objparam` (`idobject`,`idparam`,`num`) VALUES (126,86,0);
INSERT INTO `param` (`idparam`,`value`) VALUES (87,0.238701);
INSERT INTO `objparam` (`idobject`,`idparam`,`num`) VALUES (126,87,1);
INSERT INTO `entity` (`identity`,`layer`) VALUES (127,5);
INSERT INTO `object` (`idobject`, `objtype`,`name`)  VALUES (127,2,'Отрезок2');
UPDATE `object` SET `idparent` = 127 WHERE `idobject` = 126;
UPDATE `object` SET `idparent` = 127 WHERE `idobject` = 125;
INSERT INTO `entity` (`identity`,`layer`) VALUES (133,5);
INSERT INTO `object` (`idobject`,`objtype`,`name`) VALUES (133,1,'Точка7');
INSERT INTO `param` (`idparam`,`value`) VALUES (88,-0.251316);
INSERT INTO `objparam` (`idobject`,`idparam`,`num`) VALUES (133,88,0);
INSERT INTO `param` (`idparam`,`value`) VALUES (89,0.240585);
INSERT INTO `objparam` (`idobject`,`idparam`,`num`) VALUES (133,89,1);
INSERT INTO `entity` (`identity`,`layer`) VALUES (134,5);
INSERT INTO `object` (`idobject`,`objtype`,`name`) VALUES (134,1,'Точка8');
INSERT INTO `param` (`idparam`,`value`) VALUES (90,-0.254959);
INSERT INTO `objparam` (`idobject`,`idparam`,`num`) VALUES (134,90,0);
INSERT INTO `param` (`idparam`,`value`) VALUES (91,0.242445);
INSERT INTO `objparam` (`idobject`,`idparam`,`num`) VALUES (134,91,1);
INSERT INTO `entity` (`identity`,`layer`) VALUES (135,5);
INSERT INTO `object` (`idobject`,`objtype`,`name`) VALUES (135,1,'Точка9');
INSERT INTO `param` (`idparam`,`value`) VALUES (92,-0.247686);
INSERT INTO `objparam` (`idobject`,`idparam`,`num`) VALUES (135,92,0);
INSERT INTO `param` (`idparam`,`value`) VALUES (93,0.238701);
INSERT INTO `objparam` (`idobject`,`idparam`,`num`) VALUES (135,93,1);
INSERT INTO `entity` (`identity`,`layer`) VALUES (136,5);
INSERT INTO `object` (`idobject`, `objtype`,`name`)  VALUES (136,4,'Дуга1');
UPDATE `object` SET `idparent` = 136 WHERE `idobject` = 135;
UPDATE `object` SET `idparent` = 136 WHERE `idobject` = 134;
UPDATE `object` SET `idparent` = 136 WHERE `idobject` = 133;
INSERT INTO `entity` (`identity`,`layer`) VALUES (143,5);
INSERT INTO `object` (`idobject`,`objtype`,`name`) VALUES (143,1,'Точка10');
INSERT INTO `param` (`idparam`,`value`) VALUES (94,-0.145069);
INSERT INTO `objparam` (`idobject`,`idparam`,`num`) VALUES (143,94,0);
INSERT INTO `param` (`idparam`,`value`) VALUES (95,0.445707);
INSERT INTO `objparam` (`idobject`,`idparam`,`num`) VALUES (143,95,1);
INSERT INTO `entity` (`identity`,`layer`) VALUES (144,5);
INSERT INTO `object` (`idobject`,`objtype`,`name`) VALUES (144,1,'Точка11');
INSERT INTO `param` (`idparam`,`value`) VALUES (96,-0.130958);
INSERT INTO `objparam` (`idobject`,`idparam`,`num`) VALUES (144,96,0);
INSERT INTO `param` (`idparam`,`value`) VALUES (97,0.446387);
INSERT INTO `objparam` (`idobject`,`idparam`,`num`) VALUES (144,97,1);
INSERT INTO `entity` (`identity`,`layer`) VALUES (145,5);
INSERT INTO `object` (`idobject`,`objtype`,`name`) VALUES (145,1,'Точка12');
INSERT INTO `param` (`idparam`,`value`) VALUES (98,-0.154216);
INSERT INTO `objparam` (`idobject`,`idparam`,`num`) VALUES (145,98,0);
INSERT INTO `param` (`idparam`,`value`) VALUES (99,0.456473);
INSERT INTO `objparam` (`idobject`,`idparam`,`num`) VALUES (145,99,1);
INSERT INTO `entity` (`identity`,`layer`) VALUES (146,5);
INSERT INTO `object` (`idobject`, `objtype`,`name`)  VALUES (146,4,'Дуга2');
UPDATE `object` SET `idparent` = 146 WHERE `idobject` = 145;
UPDATE `object` SET `idparent` = 146 WHERE `idobject` = 144;
UPDATE `object` SET `idparent` = 146 WHERE `idobject` = 143;
INSERT INTO `entity` (`identity`,`layer`) VALUES (150,5);
INSERT INTO `object` (`idobject`,`objtype`,`name`) VALUES (150,1,'Точка13');
INSERT INTO `param` (`idparam`,`value`) VALUES (100,-0.152455);
INSERT INTO `objparam` (`idobject`,`idparam`,`num`) VALUES (150,100,0);
INSERT INTO `param` (`idparam`,`value`) VALUES (101,0.463994);
INSERT INTO `objparam` (`idobject`,`idparam`,`num`) VALUES (150,101,1);
INSERT INTO `entity` (`identity`,`layer`) VALUES (151,5);
INSERT INTO `object` (`idobject`,`objtype`,`name`) VALUES (151,1,'Точка14');
INSERT INTO `param` (`idparam`,`value`) VALUES (102,-0.126385);
INSERT INTO `objparam` (`idobject`,`idparam`,`num`) VALUES (151,102,0);
INSERT INTO `param` (`idparam`,`value`) VALUES (103,0.453518);
INSERT INTO `objparam` (`idobject`,`idparam`,`num`) VALUES (151,103,1);
INSERT INTO `entity` (`identity`,`layer`) VALUES (152,5);
INSERT INTO `object` (`idobject`, `objtype`,`name`)  VALUES (152,2,'Отрезок4');
UPDATE `object` SET `idparent` = 152 WHERE `idobject` = 151;
UPDATE `object` SET `idparent` = 152 WHERE `idobject` = 150;
INSERT INTO `entity` (`identity`,`layer`) VALUES (153,5);
INSERT INTO `object` (`idobject`,`objtype`,`name`) VALUES (153,1,'Точка15');
INSERT INTO `param` (`idparam`,`value`) VALUES (104,-0.126385);
INSERT INTO `objparam` (`idobject`,`idparam`,`num`) VALUES (153,104,0);
INSERT INTO `param` (`idparam`,`value`) VALUES (105,0.453518);
INSERT INTO `objparam` (`idobject`,`idparam`,`num`) VALUES (153,105,1);
INSERT INTO `entity` (`identity`,`layer`) VALUES (154,5);
INSERT INTO `object` (`idobject`,`objtype`,`name`) VALUES (154,1,'Точка16');
INSERT INTO `param` (`idparam`,`value`) VALUES (106,-0.134615);
INSERT INTO `objparam` (`idobject`,`idparam`,`num`) VALUES (154,106,0);
INSERT INTO `param` (`idparam`,`value`) VALUES (107,0.433036);
INSERT INTO `objparam` (`idobject`,`idparam`,`num`) VALUES (154,107,1);
INSERT INTO `entity` (`identity`,`layer`) VALUES (155,5);
INSERT INTO `object` (`idobject`, `objtype`,`name`)  VALUES (155,2,'Отрезок5');
UPDATE `object` SET `idparent` = 155 WHERE `idobject` = 154;
UPDATE `object` SET `idparent` = 155 WHERE `idobject` = 153;
INSERT INTO `entity` (`identity`,`layer`) VALUES (158,5);
INSERT INTO `object` (`idobject`,`objtype`,`name`) VALUES (158,1,'Точка17');
INSERT INTO `param` (`idparam`,`value`) VALUES (108,-0.134615);
INSERT INTO `objparam` (`idobject`,`idparam`,`num`) VALUES (158,108,0);
INSERT INTO `param` (`idparam`,`value`) VALUES (109,0.433036);
INSERT INTO `objparam` (`idobject`,`idparam`,`num`) VALUES (158,109,1);
INSERT INTO `entity` (`identity`,`layer`) VALUES (159,5);
INSERT INTO `object` (`idobject`,`objtype`,`name`) VALUES (159,1,'Точка18');
INSERT INTO `param` (`idparam`,`value`) VALUES (110,-0.160685);
INSERT INTO `objparam` (`idobject`,`idparam`,`num`) VALUES (159,110,0);
INSERT INTO `param` (`idparam`,`value`) VALUES (111,0.443512);
INSERT INTO `objparam` (`idobject`,`idparam`,`num`) VALUES (159,111,1);
INSERT INTO `layer` (`idlayer`) VALUES (6);
INSERT INTO `entity` (`identity`,`layer`) VALUES (160,6);
INSERT INTO `object` (`idobject`, `objtype`,`name`)  VALUES (160,2,'Отрезок6');
UPDATE `object` SET `idparent` = 160 WHERE `idobject` = 159;
UPDATE `object` SET `idparent` = 160 WHERE `idobject` = 158;
INSERT INTO `entity` (`identity`,`layer`) VALUES (163,6);
INSERT INTO `object` (`idobject`,`objtype`,`name`) VALUES (163,1,'Точка19');
INSERT INTO `param` (`idparam`,`value`) VALUES (112,-0.160685);
INSERT INTO `objparam` (`idobject`,`idparam`,`num`) VALUES (163,112,0);
INSERT INTO `param` (`idparam`,`value`) VALUES (113,0.443512);
INSERT INTO `objparam` (`idobject`,`idparam`,`num`) VALUES (163,113,1);
INSERT INTO `entity` (`identity`,`layer`) VALUES (164,6);
INSERT INTO `object` (`idobject`,`objtype`,`name`) VALUES (164,1,'Точка20');
INSERT INTO `param` (`idparam`,`value`) VALUES (114,-0.152455);
INSERT INTO `objparam` (`idobject`,`idparam`,`num`) VALUES (164,114,0);
INSERT INTO `param` (`idparam`,`value`) VALUES (115,0.463994);
INSERT INTO `objparam` (`idobject`,`idparam`,`num`) VALUES (164,115,1);
INSERT INTO `entity` (`identity`,`layer`) VALUES (165,6);
INSERT INTO `object` (`idobject`, `objtype`,`name`)  VALUES (165,2,'Отрезок7');
UPDATE `object` SET `idparent` = 165 WHERE `idobject` = 164;
UPDATE `object` SET `idparent` = 165 WHERE `idobject` = 163;
INSERT INTO `entity` (`identity`,`layer`) VALUES (170,6);
INSERT INTO `object` (`idobject`,`objtype`,`name`) VALUES (170,1,'Точка21');
INSERT INTO `param` (`idparam`,`value`) VALUES (116,-0.251316);
INSERT INTO `objparam` (`idobject`,`idparam`,`num`) VALUES (170,116,0);
INSERT INTO `param` (`idparam`,`value`) VALUES (117,0.240585);
INSERT INTO `objparam` (`idobject`,`idparam`,`num`) VALUES (170,117,1);
INSERT INTO `entity` (`identity`,`layer`) VALUES (171,6);
INSERT INTO `object` (`idobject`, `objtype`,`name`)  VALUES (171,3,'Окружность1');
INSERT INTO `param` (`idparam`,`value`) VALUES (118,0.00276184);
INSERT INTO `objparam` (`idobject`,`idparam`) VALUES (171,118);
UPDATE `object` SET `idparent` = 171 WHERE `idobject` = 170;
INSERT INTO `entity` (`identity`,`layer`) VALUES (176,6);
INSERT INTO `object` (`idobject`,`objtype`,`name`) VALUES (176,1,'Точка24');
INSERT INTO `param` (`idparam`,`value`) VALUES (119,0.281561);
INSERT INTO `objparam` (`idobject`,`idparam`,`num`) VALUES (176,119,0);
INSERT INTO `param` (`idparam`,`value`) VALUES (120,0.21746);
INSERT INTO `objparam` (`idobject`,`idparam`,`num`) VALUES (176,120,1);
INSERT INTO `entity` (`identity`,`layer`) VALUES (177,6);
INSERT INTO `object` (`idobject`,`objtype`,`name`) VALUES (177,1,'Точка25');
INSERT INTO `param` (`idparam`,`value`) VALUES (121,0.348709);
INSERT INTO `objparam` (`idobject`,`idparam`,`num`) VALUES (177,121,0);
INSERT INTO `param` (`idparam`,`value`) VALUES (122,0.441269);
INSERT INTO `objparam` (`idobject`,`idparam`,`num`) VALUES (177,122,1);
INSERT INTO `entity` (`identity`,`layer`) VALUES (178,6);
INSERT INTO `object` (`idobject`, `objtype`,`name`)  VALUES (178,2,'Отрезок9');
UPDATE `object` SET `idparent` = 178 WHERE `idobject` = 177;
UPDATE `object` SET `idparent` = 178 WHERE `idobject` = 176;
INSERT INTO `entity` (`identity`,`layer`) VALUES (181,6);
INSERT INTO `object` (`idobject`,`objtype`,`name`) VALUES (181,1,'Точка26');
INSERT INTO `param` (`idparam`,`value`) VALUES (123,0.348709);
INSERT INTO `objparam` (`idobject`,`idparam`,`num`) VALUES (181,123,0);
INSERT INTO `param` (`idparam`,`value`) VALUES (124,0.441269);
INSERT INTO `objparam` (`idobject`,`idparam`,`num`) VALUES (181,124,1);
INSERT INTO `entity` (`identity`,`layer`) VALUES (182,6);
INSERT INTO `object` (`idobject`,`objtype`,`name`) VALUES (182,1,'Точка27');
INSERT INTO `param` (`idparam`,`value`) VALUES (125,0.333811);
INSERT INTO `objparam` (`idobject`,`idparam`,`num`) VALUES (182,125,0);
INSERT INTO `param` (`idparam`,`value`) VALUES (126,0.445722);
INSERT INTO `objparam` (`idobject`,`idparam`,`num`) VALUES (182,126,1);
INSERT INTO `entity` (`identity`,`layer`) VALUES (183,6);
INSERT INTO `object` (`idobject`, `objtype`,`name`)  VALUES (183,2,'Отрезок10');
UPDATE `object` SET `idparent` = 183 WHERE `idobject` = 182;
UPDATE `object` SET `idparent` = 183 WHERE `idobject` = 181;
INSERT INTO `entity` (`identity`,`layer`) VALUES (186,6);
INSERT INTO `object` (`idobject`,`objtype`,`name`) VALUES (186,1,'Точка28');
INSERT INTO `param` (`idparam`,`value`) VALUES (127,0.333811);
INSERT INTO `objparam` (`idobject`,`idparam`,`num`) VALUES (186,127,0);
INSERT INTO `param` (`idparam`,`value`) VALUES (128,0.445722);
INSERT INTO `objparam` (`idobject`,`idparam`,`num`) VALUES (186,128,1);
INSERT INTO `entity` (`identity`,`layer`) VALUES (187,6);
INSERT INTO `object` (`idobject`,`objtype`,`name`) VALUES (187,1,'Точка29');
INSERT INTO `param` (`idparam`,`value`) VALUES (129,0.267191);
INSERT INTO `objparam` (`idobject`,`idparam`,`num`) VALUES (187,129,0);
INSERT INTO `param` (`idparam`,`value`) VALUES (130,0.223674);
INSERT INTO `objparam` (`idobject`,`idparam`,`num`) VALUES (187,130,1);
INSERT INTO `entity` (`identity`,`layer`) VALUES (188,6);
INSERT INTO `object` (`idobject`, `objtype`,`name`)  VALUES (188,2,'Отрезок11');
UPDATE `object` SET `idparent` = 188 WHERE `idobject` = 187;
UPDATE `object` SET `idparent` = 188 WHERE `idobject` = 186;
INSERT INTO `entity` (`identity`,`layer`) VALUES (195,6);
INSERT INTO `object` (`idobject`,`objtype`,`name`) VALUES (195,1,'Точка1');
INSERT INTO `param` (`idparam`,`value`) VALUES (131,-0.118993);
INSERT INTO `objparam` (`idobject`,`idparam`,`num`) VALUES (195,131,0);
INSERT INTO `param` (`idparam`,`value`) VALUES (132,0.470112);
INSERT INTO `objparam` (`idobject`,`idparam`,`num`) VALUES (195,132,1);
INSERT INTO `entity` (`identity`,`layer`) VALUES (196,6);
INSERT INTO `object` (`idobject`,`objtype`,`name`) VALUES (196,1,'Точка2');
INSERT INTO `param` (`idparam`,`value`) VALUES (133,0.25396);
INSERT INTO `objparam` (`idobject`,`idparam`,`num`) VALUES (196,133,0);
INSERT INTO `param` (`idparam`,`value`) VALUES (134,0.204222);
INSERT INTO `objparam` (`idobject`,`idparam`,`num`) VALUES (196,134,1);
INSERT INTO `entity` (`identity`,`layer`) VALUES (197,6);
INSERT INTO `object` (`idobject`, `objtype`,`name`)  VALUES (197,2,'Отрезок1');
UPDATE `object` SET `idparent` = 197 WHERE `idobject` = 196;
UPDATE `object` SET `idparent` = 197 WHERE `idobject` = 195;
INSERT INTO `entity` (`identity`,`layer`) VALUES (200,6);
INSERT INTO `object` (`idobject`,`objtype`,`name`) VALUES (200,1,'Точка3');
INSERT INTO `param` (`idparam`,`value`) VALUES (135,-0.109032);
INSERT INTO `objparam` (`idobject`,`idparam`,`num`) VALUES (200,135,0);
INSERT INTO `param` (`idparam`,`value`) VALUES (136,0.4949);
INSERT INTO `objparam` (`idobject`,`idparam`,`num`) VALUES (200,136,1);
INSERT INTO `entity` (`identity`,`layer`) VALUES (201,6);
INSERT INTO `object` (`idobject`,`objtype`,`name`) VALUES (201,1,'Точка4');
INSERT INTO `param` (`idparam`,`value`) VALUES (137,0.259095);
INSERT INTO `objparam` (`idobject`,`idparam`,`num`) VALUES (201,137,0);
INSERT INTO `param` (`idparam`,`value`) VALUES (138,0.220207);
INSERT INTO `objparam` (`idobject`,`idparam`,`num`) VALUES (201,138,1);
INSERT INTO `layer` (`idlayer`) VALUES (7);
INSERT INTO `entity` (`identity`,`layer`) VALUES (202,7);
INSERT INTO `object` (`idobject`, `objtype`,`name`)  VALUES (202,2,'Отрезок2');
UPDATE `object` SET `idparent` = 202 WHERE `idobject` = 201;
UPDATE `object` SET `idparent` = 202 WHERE `idobject` = 200;
INSERT INTO `entity` (`identity`,`layer`) VALUES (205,7);
INSERT INTO `object` (`idobject`,`objtype`,`name`) VALUES (205,1,'Точка5');
INSERT INTO `param` (`idparam`,`value`) VALUES (139,-0.0810493);
INSERT INTO `objparam` (`idobject`,`idparam`,`num`) VALUES (205,139,0);
INSERT INTO `param` (`idparam`,`value`) VALUES (140,0.564539);
INSERT INTO `objparam` (`idobject`,`idparam`,`num`) VALUES (205,140,1);
INSERT INTO `entity` (`identity`,`layer`) VALUES (206,7);
INSERT INTO `object` (`idobject`,`objtype`,`name`) VALUES (206,1,'Точка6');
INSERT INTO `param` (`idparam`,`value`) VALUES (141,0.317581);
INSERT INTO `objparam` (`idobject`,`idparam`,`num`) VALUES (206,141,0);
INSERT INTO `param` (`idparam`,`value`) VALUES (142,0.391627);
INSERT INTO `objparam` (`idobject`,`idparam`,`num`) VALUES (206,142,1);
INSERT INTO `entity` (`identity`,`layer`) VALUES (207,7);
INSERT INTO `object` (`idobject`, `objtype`,`name`)  VALUES (207,2,'Отрезок3');
UPDATE `object` SET `idparent` = 207 WHERE `idobject` = 206;
UPDATE `object` SET `idparent` = 207 WHERE `idobject` = 205;
INSERT INTO `entity` (`identity`,`layer`) VALUES (210,7);
INSERT INTO `object` (`idobject`,`objtype`,`name`) VALUES (210,1,'Точка7');
INSERT INTO `param` (`idparam`,`value`) VALUES (143,-0.07319);
INSERT INTO `objparam` (`idobject`,`idparam`,`num`) VALUES (210,143,0);
INSERT INTO `param` (`idparam`,`value`) VALUES (144,0.584097);
INSERT INTO `objparam` (`idobject`,`idparam`,`num`) VALUES (210,144,1);
INSERT INTO `entity` (`identity`,`layer`) VALUES (211,7);
INSERT INTO `object` (`idobject`,`objtype`,`name`) VALUES (211,1,'Точка8');
INSERT INTO `param` (`idparam`,`value`) VALUES (145,0.323671);
INSERT INTO `objparam` (`idobject`,`idparam`,`num`) VALUES (211,145,0);
INSERT INTO `param` (`idparam`,`value`) VALUES (146,0.411922);
INSERT INTO `objparam` (`idobject`,`idparam`,`num`) VALUES (211,146,1);
INSERT INTO `entity` (`identity`,`layer`) VALUES (212,7);
INSERT INTO `object` (`idobject`, `objtype`,`name`)  VALUES (212,2,'Отрезок4');
UPDATE `object` SET `idparent` = 212 WHERE `idobject` = 211;
UPDATE `object` SET `idparent` = 212 WHERE `idobject` = 210;
INSERT INTO `entity` (`identity`,`layer`) VALUES (215,7);
INSERT INTO `object` (`idobject`,`objtype`,`name`) VALUES (215,1,'Точка9');
INSERT INTO `param` (`idparam`,`value`) VALUES (147,0.283047);
INSERT INTO `objparam` (`idobject`,`idparam`,`num`) VALUES (215,147,0);
INSERT INTO `param` (`idparam`,`value`) VALUES (148,0.201393);
INSERT INTO `objparam` (`idobject`,`idparam`,`num`) VALUES (215,148,1);
INSERT INTO `entity` (`identity`,`layer`) VALUES (216,7);
INSERT INTO `object` (`idobject`,`objtype`,`name`) VALUES (216,1,'Точка10');
INSERT INTO `param` (`idparam`,`value`) VALUES (149,0.632735);
INSERT INTO `objparam` (`idobject`,`idparam`,`num`) VALUES (216,149,0);
INSERT INTO `param` (`idparam`,`value`) VALUES (150,0.239659);
INSERT INTO `objparam` (`idobject`,`idparam`,`num`) VALUES (216,150,1);
INSERT INTO `entity` (`identity`,`layer`) VALUES (217,7);
INSERT INTO `object` (`idobject`, `objtype`,`name`)  VALUES (217,2,'Отрезок5');
UPDATE `object` SET `idparent` = 217 WHERE `idobject` = 216;
UPDATE `object` SET `idparent` = 217 WHERE `idobject` = 215;
INSERT INTO `entity` (`identity`,`layer`) VALUES (219,7);
INSERT INTO `object` (`idobject`,`objtype`,`name`) VALUES (219,1,'Точка11');
INSERT INTO `param` (`idparam`,`value`) VALUES (151,0.28398);
INSERT INTO `objparam` (`idobject`,`idparam`,`num`) VALUES (219,151,0);
INSERT INTO `param` (`idparam`,`value`) VALUES (152,0.212593);
INSERT INTO `objparam` (`idobject`,`idparam`,`num`) VALUES (219,152,1);
INSERT INTO `entity` (`identity`,`layer`) VALUES (220,7);
INSERT INTO `object` (`idobject`,`objtype`,`name`) VALUES (220,1,'Точка12');
INSERT INTO `param` (`idparam`,`value`) VALUES (153,0.603991);
INSERT INTO `objparam` (`idobject`,`idparam`,`num`) VALUES (220,153,0);
INSERT INTO `param` (`idparam`,`value`) VALUES (154,0.24454);
INSERT INTO `objparam` (`idobject`,`idparam`,`num`) VALUES (220,154,1);
INSERT INTO `entity` (`identity`,`layer`) VALUES (221,7);
INSERT INTO `object` (`idobject`, `objtype`,`name`)  VALUES (221,2,'Отрезок6');
UPDATE `object` SET `idparent` = 221 WHERE `idobject` = 220;
UPDATE `object` SET `idparent` = 221 WHERE `idobject` = 219;
INSERT INTO `entity` (`identity`,`layer`) VALUES (223,7);
INSERT INTO `object` (`idobject`,`objtype`,`name`) VALUES (223,1,'Точка13');
INSERT INTO `param` (`idparam`,`value`) VALUES (155,0.603991);
INSERT INTO `objparam` (`idobject`,`idparam`,`num`) VALUES (223,155,0);
INSERT INTO `param` (`idparam`,`value`) VALUES (156,0.24454);
INSERT INTO `objparam` (`idobject`,`idparam`,`num`) VALUES (223,156,1);
INSERT INTO `entity` (`identity`,`layer`) VALUES (224,7);
INSERT INTO `object` (`idobject`,`objtype`,`name`) VALUES (224,1,'Точка14');
INSERT INTO `param` (`idparam`,`value`) VALUES (157,0.330684);
INSERT INTO `objparam` (`idobject`,`idparam`,`num`) VALUES (224,157,0);
INSERT INTO `param` (`idparam`,`value`) VALUES (158,0.381189);
INSERT INTO `objparam` (`idobject`,`idparam`,`num`) VALUES (224,158,1);
INSERT INTO `entity` (`identity`,`layer`) VALUES (225,7);
INSERT INTO `object` (`idobject`, `objtype`,`name`)  VALUES (225,2,'Отрезок7');
UPDATE `object` SET `idparent` = 225 WHERE `idobject` = 224;
UPDATE `object` SET `idparent` = 225 WHERE `idobject` = 223;
INSERT INTO `entity` (`identity`,`layer`) VALUES (228,7);
INSERT INTO `object` (`idobject`,`objtype`,`name`) VALUES (228,1,'Точка15');
INSERT INTO `param` (`idparam`,`value`) VALUES (159,0.337708);
INSERT INTO `objparam` (`idobject`,`idparam`,`num`) VALUES (228,159,0);
INSERT INTO `param` (`idparam`,`value`) VALUES (160,0.404602);
INSERT INTO `objparam` (`idobject`,`idparam`,`num`) VALUES (228,160,1);
INSERT INTO `entity` (`identity`,`layer`) VALUES (229,7);
INSERT INTO `object` (`idobject`,`objtype`,`name`) VALUES (229,1,'Точка16');
INSERT INTO `param` (`idparam`,`value`) VALUES (161,0.621996);
INSERT INTO `objparam` (`idobject`,`idparam`,`num`) VALUES (229,161,0);
INSERT INTO `param` (`idparam`,`value`) VALUES (162,0.253754);
INSERT INTO `objparam` (`idobject`,`idparam`,`num`) VALUES (229,162,1);
INSERT INTO `entity` (`identity`,`layer`) VALUES (230,7);
INSERT INTO `object` (`idobject`, `objtype`,`name`)  VALUES (230,2,'Отрезок8');
UPDATE `object` SET `idparent` = 230 WHERE `idobject` = 229;
UPDATE `object` SET `idparent` = 230 WHERE `idobject` = 228;
INSERT INTO `entity` (`identity`,`layer`) VALUES (232,7);
INSERT INTO `object` (`idobject`,`objtype`,`name`) VALUES (232,1,'Точка17');
INSERT INTO `param` (`idparam`,`value`) VALUES (163,0.633735);
INSERT INTO `objparam` (`idobject`,`idparam`,`num`) VALUES (232,163,0);
INSERT INTO `param` (`idparam`,`value`) VALUES (164,0.240585);
INSERT INTO `objparam` (`idobject`,`idparam`,`num`) VALUES (232,164,1);
INSERT INTO `layer` (`idlayer`) VALUES (8);
INSERT INTO `entity` (`identity`,`layer`) VALUES (233,8);
INSERT INTO `object` (`idobject`,`objtype`,`name`) VALUES (233,1,'Точка18');
INSERT INTO `param` (`idparam`,`value`) VALUES (165,0.635075);
INSERT INTO `objparam` (`idobject`,`idparam`,`num`) VALUES (233,165,0);
INSERT INTO `param` (`idparam`,`value`) VALUES (166,0.240789);
INSERT INTO `objparam` (`idobject`,`idparam`,`num`) VALUES (233,166,1);
INSERT INTO `entity` (`identity`,`layer`) VALUES (234,8);
INSERT INTO `object` (`idobject`,`objtype`,`name`) VALUES (234,1,'Точка19');
INSERT INTO `param` (`idparam`,`value`) VALUES (167,0.632735);
INSERT INTO `objparam` (`idobject`,`idparam`,`num`) VALUES (234,167,0);
INSERT INTO `param` (`idparam`,`value`) VALUES (168,0.239659);
INSERT INTO `objparam` (`idobject`,`idparam`,`num`) VALUES (234,168,1);
INSERT INTO `entity` (`identity`,`layer`) VALUES (235,8);
INSERT INTO `object` (`idobject`, `objtype`,`name`)  VALUES (235,4,'Дуга1');
UPDATE `object` SET `idparent` = 235 WHERE `idobject` = 234;
UPDATE `object` SET `idparent` = 235 WHERE `idobject` = 233;
UPDATE `object` SET `idparent` = 235 WHERE `idobject` = 232;
INSERT INTO `entity` (`identity`,`layer`) VALUES (239,8);
INSERT INTO `object` (`idobject`,`objtype`,`name`) VALUES (239,1,'Точка20');
INSERT INTO `param` (`idparam`,`value`) VALUES (169,0.633735);
INSERT INTO `objparam` (`idobject`,`idparam`,`num`) VALUES (239,169,0);
INSERT INTO `param` (`idparam`,`value`) VALUES (170,0.240585);
INSERT INTO `objparam` (`idobject`,`idparam`,`num`) VALUES (239,170,1);
INSERT INTO `entity` (`identity`,`layer`) VALUES (240,8);
INSERT INTO `object` (`idobject`,`objtype`,`name`) VALUES (240,1,'Точка21');
INSERT INTO `param` (`idparam`,`value`) VALUES (171,0.634046);
INSERT INTO `objparam` (`idobject`,`idparam`,`num`) VALUES (240,171,0);
INSERT INTO `param` (`idparam`,`value`) VALUES (172,0.222933);
INSERT INTO `objparam` (`idobject`,`idparam`,`num`) VALUES (240,172,1);
INSERT INTO `entity` (`identity`,`layer`) VALUES (241,8);
INSERT INTO `object` (`idobject`,`objtype`,`name`) VALUES (241,1,'Точка22');
INSERT INTO `param` (`idparam`,`value`) VALUES (173,0.621996);
INSERT INTO `objparam` (`idobject`,`idparam`,`num`) VALUES (241,173,0);
INSERT INTO `param` (`idparam`,`value`) VALUES (174,0.253754);
INSERT INTO `objparam` (`idobject`,`idparam`,`num`) VALUES (241,174,1);
INSERT INTO `entity` (`identity`,`layer`) VALUES (242,8);
INSERT INTO `object` (`idobject`, `objtype`,`name`)  VALUES (242,4,'Дуга2');
UPDATE `object` SET `idparent` = 242 WHERE `idobject` = 241;
UPDATE `object` SET `idparent` = 242 WHERE `idobject` = 240;
UPDATE `object` SET `idparent` = 242 WHERE `idobject` = 239;
INSERT INTO `entity` (`identity`,`layer`) VALUES (244,8);
INSERT INTO `object` (`idobject`,`objtype`,`name`) VALUES (244,1,'Точка23');
INSERT INTO `param` (`idparam`,`value`) VALUES (175,0.635075);
INSERT INTO `objparam` (`idobject`,`idparam`,`num`) VALUES (244,175,0);
INSERT INTO `param` (`idparam`,`value`) VALUES (176,0.240789);
INSERT INTO `objparam` (`idobject`,`idparam`,`num`) VALUES (244,176,1);
INSERT INTO `entity` (`identity`,`layer`) VALUES (245,8);
INSERT INTO `object` (`idobject`,`objtype`,`name`) VALUES (245,1,'Точка24');
INSERT INTO `param` (`idparam`,`value`) VALUES (177,0.634046);
INSERT INTO `objparam` (`idobject`,`idparam`,`num`) VALUES (245,177,0);
INSERT INTO `param` (`idparam`,`value`) VALUES (178,0.222933);
INSERT INTO `objparam` (`idobject`,`idparam`,`num`) VALUES (245,178,1);
INSERT INTO `entity` (`identity`,`layer`) VALUES (246,8);
INSERT INTO `object` (`idobject`, `objtype`,`name`)  VALUES (246,2,'Отрезок9');
UPDATE `object` SET `idparent` = 246 WHERE `idobject` = 245;
UPDATE `object` SET `idparent` = 246 WHERE `idobject` = 244;
INSERT INTO `entity` (`identity`,`layer`) VALUES (282,8);
INSERT INTO `object` (`idobject`,`objtype`,`name`) VALUES (282,1,'Точка1');
INSERT INTO `param` (`idparam`,`value`) VALUES (179,0.662832);
INSERT INTO `objparam` (`idobject`,`idparam`,`num`) VALUES (282,179,0);
INSERT INTO `param` (`idparam`,`value`) VALUES (180,1.30105);
INSERT INTO `objparam` (`idobject`,`idparam`,`num`) VALUES (282,180,1);
INSERT INTO `entity` (`identity`,`layer`) VALUES (283,8);
INSERT INTO `object` (`idobject`, `objtype`,`name`)  VALUES (283,3,'Окружность1');
INSERT INTO `param` (`idparam`,`value`) VALUES (181,0.1);
INSERT INTO `objparam` (`idobject`,`idparam`) VALUES (283,181);
UPDATE `object` SET `idparent` = 283 WHERE `idobject` = 282;
INSERT INTO `entity` (`identity`,`layer`) VALUES (284,8);
INSERT INTO `object` (`idobject`,`objtype`,`name`) VALUES (284,1,'Точка2');
INSERT INTO `param` (`idparam`,`value`) VALUES (182,0.567253);
INSERT INTO `objparam` (`idobject`,`idparam`,`num`) VALUES (284,182,0);
INSERT INTO `param` (`idparam`,`value`) VALUES (183,1.27164);
INSERT INTO `objparam` (`idobject`,`idparam`,`num`) VALUES (284,183,1);
INSERT INTO `entity` (`identity`,`layer`) VALUES (285,8);
INSERT INTO `object` (`idobject`,`objtype`,`name`) VALUES (285,1,'Точка3');
INSERT INTO `param` (`idparam`,`value`) VALUES (184,0.359773);
INSERT INTO `objparam` (`idobject`,`idparam`,`num`) VALUES (285,184,0);
INSERT INTO `param` (`idparam`,`value`) VALUES (185,1.19535);
INSERT INTO `objparam` (`idobject`,`idparam`,`num`) VALUES (285,185,1);
INSERT INTO `entity` (`identity`,`layer`) VALUES (286,8);
INSERT INTO `object` (`idobject`, `objtype`,`name`)  VALUES (286,2,'Отрезок1');
UPDATE `object` SET `idparent` = 286 WHERE `idobject` = 285;
UPDATE `object` SET `idparent` = 286 WHERE `idobject` = 284;
INSERT INTO `entity` (`identity`,`layer`) VALUES (288,8);
INSERT INTO `object` (`idobject`,`objtype`,`name`) VALUES (288,1,'Точка4');
INSERT INTO `param` (`idparam`,`value`) VALUES (186,0.60548);
INSERT INTO `objparam` (`idobject`,`idparam`,`num`) VALUES (288,186,0);
INSERT INTO `param` (`idparam`,`value`) VALUES (187,1.21913);
INSERT INTO `objparam` (`idobject`,`idparam`,`num`) VALUES (288,187,1);
INSERT INTO `entity` (`identity`,`layer`) VALUES (289,8);
INSERT INTO `object` (`idobject`,`objtype`,`name`) VALUES (289,1,'Точка5');
INSERT INTO `param` (`idparam`,`value`) VALUES (188,0.484931);
INSERT INTO `objparam` (`idobject`,`idparam`,`num`) VALUES (289,188,0);
INSERT INTO `param` (`idparam`,`value`) VALUES (189,1.07972);
INSERT INTO `objparam` (`idobject`,`idparam`,`num`) VALUES (289,189,1);
INSERT INTO `entity` (`identity`,`layer`) VALUES (290,8);
INSERT INTO `object` (`idobject`, `objtype`,`name`)  VALUES (290,2,'Отрезок2');
UPDATE `object` SET `idparent` = 290 WHERE `idobject` = 289;
UPDATE `object` SET `idparent` = 290 WHERE `idobject` = 288;
INSERT INTO `entity` (`identity`,`layer`) VALUES (292,8);
INSERT INTO `object` (`idobject`,`objtype`,`name`) VALUES (292,1,'Точка6');
INSERT INTO `param` (`idparam`,`value`) VALUES (190,0.673492);
INSERT INTO `objparam` (`idobject`,`idparam`,`num`) VALUES (292,190,0);
INSERT INTO `param` (`idparam`,`value`) VALUES (191,1.20162);
INSERT INTO `objparam` (`idobject`,`idparam`,`num`) VALUES (292,191,1);
INSERT INTO `entity` (`identity`,`layer`) VALUES (293,8);
INSERT INTO `object` (`idobject`,`objtype`,`name`) VALUES (293,1,'Точка7');
INSERT INTO `param` (`idparam`,`value`) VALUES (192,0.690352);
INSERT INTO `objparam` (`idobject`,`idparam`,`num`) VALUES (293,192,0);
INSERT INTO `param` (`idparam`,`value`) VALUES (193,1.03074);
INSERT INTO `objparam` (`idobject`,`idparam`,`num`) VALUES (293,193,1);
INSERT INTO `layer` (`idlayer`) VALUES (9);
INSERT INTO `entity` (`identity`,`layer`) VALUES (294,9);
INSERT INTO `object` (`idobject`, `objtype`,`name`)  VALUES (294,2,'Отрезок3');
UPDATE `object` SET `idparent` = 294 WHERE `idobject` = 293;
UPDATE `object` SET `idparent` = 294 WHERE `idobject` = 292;
INSERT INTO `entity` (`identity`,`layer`) VALUES (296,9);
INSERT INTO `object` (`idobject`,`objtype`,`name`) VALUES (296,1,'Точка8');
INSERT INTO `param` (`idparam`,`value`) VALUES (194,0.741643);
INSERT INTO `objparam` (`idobject`,`idparam`,`num`) VALUES (296,194,0);
INSERT INTO `param` (`idparam`,`value`) VALUES (195,1.23949);
INSERT INTO `objparam` (`idobject`,`idparam`,`num`) VALUES (296,195,1);
INSERT INTO `entity` (`identity`,`layer`) VALUES (297,9);
INSERT INTO `object` (`idobject`,`objtype`,`name`) VALUES (297,1,'Точка9');
INSERT INTO `param` (`idparam`,`value`) VALUES (196,0.914819);
INSERT INTO `objparam` (`idobject`,`idparam`,`num`) VALUES (297,196,0);
INSERT INTO `param` (`idparam`,`value`) VALUES (197,1.12869);
INSERT INTO `objparam` (`idobject`,`idparam`,`num`) VALUES (297,197,1);
INSERT INTO `entity` (`identity`,`layer`) VALUES (298,9);
INSERT INTO `object` (`idobject`, `objtype`,`name`)  VALUES (298,2,'Отрезок4');
UPDATE `object` SET `idparent` = 298 WHERE `idobject` = 297;
UPDATE `object` SET `idparent` = 298 WHERE `idobject` = 296;
INSERT INTO `entity` (`identity`,`layer`) VALUES (300,9);
INSERT INTO `object` (`idobject`,`objtype`,`name`) VALUES (300,1,'Точка10');
INSERT INTO `param` (`idparam`,`value`) VALUES (198,0.76268);
INSERT INTO `objparam` (`idobject`,`idparam`,`num`) VALUES (300,198,0);
INSERT INTO `param` (`idparam`,`value`) VALUES (199,1.29553);
INSERT INTO `objparam` (`idobject`,`idparam`,`num`) VALUES (300,199,1);
INSERT INTO `entity` (`identity`,`layer`) VALUES (301,9);
INSERT INTO `object` (`idobject`,`objtype`,`name`) VALUES (301,1,'Точка11');
INSERT INTO `param` (`idparam`,`value`) VALUES (200,0.999164);
INSERT INTO `objparam` (`idobject`,`idparam`,`num`) VALUES (301,200,0);
INSERT INTO `param` (`idparam`,`value`) VALUES (201,1.27698);
INSERT INTO `objparam` (`idobject`,`idparam`,`num`) VALUES (301,201,1);
INSERT INTO `entity` (`identity`,`layer`) VALUES (302,9);
INSERT INTO `object` (`idobject`, `objtype`,`name`)  VALUES (302,2,'Отрезок5');
UPDATE `object` SET `idparent` = 302 WHERE `idobject` = 301;
UPDATE `object` SET `idparent` = 302 WHERE `idobject` = 300;
INSERT INTO `entity` (`identity`,`layer`) VALUES (304,9);
INSERT INTO `object` (`idobject`,`objtype`,`name`) VALUES (304,1,'Точка12');
INSERT INTO `param` (`idparam`,`value`) VALUES (202,0.749682);
INSERT INTO `objparam` (`idobject`,`idparam`,`num`) VALUES (304,202,0);
INSERT INTO `param` (`idparam`,`value`) VALUES (203,1.35061);
INSERT INTO `objparam` (`idobject`,`idparam`,`num`) VALUES (304,203,1);
INSERT INTO `entity` (`identity`,`layer`) VALUES (305,9);
INSERT INTO `object` (`idobject`,`objtype`,`name`) VALUES (305,1,'Точка13');
INSERT INTO `param` (`idparam`,`value`) VALUES (204,1.03534);
INSERT INTO `objparam` (`idobject`,`idparam`,`num`) VALUES (305,204,0);
INSERT INTO `param` (`idparam`,`value`) VALUES (205,1.44225);
INSERT INTO `objparam` (`idobject`,`idparam`,`num`) VALUES (305,205,1);
INSERT INTO `entity` (`identity`,`layer`) VALUES (306,9);
INSERT INTO `object` (`idobject`, `objtype`,`name`)  VALUES (306,2,'Отрезок6');
UPDATE `object` SET `idparent` = 306 WHERE `idobject` = 305;
UPDATE `object` SET `idparent` = 306 WHERE `idobject` = 304;
INSERT INTO `entity` (`identity`,`layer`) VALUES (308,9);
INSERT INTO `object` (`idobject`,`objtype`,`name`) VALUES (308,1,'Точка14');
INSERT INTO `param` (`idparam`,`value`) VALUES (206,0.702601);
INSERT INTO `objparam` (`idobject`,`idparam`,`num`) VALUES (308,206,0);
INSERT INTO `param` (`idparam`,`value`) VALUES (207,1.3928);
INSERT INTO `objparam` (`idobject`,`idparam`,`num`) VALUES (308,207,1);
INSERT INTO `entity` (`identity`,`layer`) VALUES (309,9);
INSERT INTO `object` (`idobject`,`objtype`,`name`) VALUES (309,1,'Точка15');
INSERT INTO `param` (`idparam`,`value`) VALUES (208,0.757012);
INSERT INTO `objparam` (`idobject`,`idparam`,`num`) VALUES (309,208,0);
INSERT INTO `param` (`idparam`,`value`) VALUES (209,1.49328);
INSERT INTO `objparam` (`idobject`,`idparam`,`num`) VALUES (309,209,1);
INSERT INTO `entity` (`identity`,`layer`) VALUES (310,9);
INSERT INTO `object` (`idobject`, `objtype`,`name`)  VALUES (310,2,'Отрезок7');
UPDATE `object` SET `idparent` = 310 WHERE `idobject` = 309;
UPDATE `object` SET `idparent` = 310 WHERE `idobject` = 308;
INSERT INTO `entity` (`identity`,`layer`) VALUES (312,9);
INSERT INTO `object` (`idobject`,`objtype`,`name`) VALUES (312,1,'Точка16');
INSERT INTO `param` (`idparam`,`value`) VALUES (210,0.614323);
INSERT INTO `objparam` (`idobject`,`idparam`,`num`) VALUES (312,210,0);
INSERT INTO `param` (`idparam`,`value`) VALUES (211,1.38849);
INSERT INTO `objparam` (`idobject`,`idparam`,`num`) VALUES (312,211,1);
INSERT INTO `entity` (`identity`,`layer`) VALUES (313,9);
INSERT INTO `object` (`idobject`,`objtype`,`name`) VALUES (313,1,'Точка17');
INSERT INTO `param` (`idparam`,`value`) VALUES (212,0.460577);
INSERT INTO `objparam` (`idobject`,`idparam`,`num`) VALUES (313,212,0);
INSERT INTO `param` (`idparam`,`value`) VALUES (213,1.60098);
INSERT INTO `objparam` (`idobject`,`idparam`,`num`) VALUES (313,213,1);
INSERT INTO `entity` (`identity`,`layer`) VALUES (314,9);
INSERT INTO `object` (`idobject`, `objtype`,`name`)  VALUES (314,2,'Отрезок8');
UPDATE `object` SET `idparent` = 314 WHERE `idobject` = 313;
UPDATE `object` SET `idparent` = 314 WHERE `idobject` = 312;
INSERT INTO `entity` (`identity`,`layer`) VALUES (316,9);
INSERT INTO `object` (`idobject`,`objtype`,`name`) VALUES (316,1,'Точка18');
INSERT INTO `param` (`idparam`,`value`) VALUES (214,0.566451);
INSERT INTO `objparam` (`idobject`,`idparam`,`num`) VALUES (316,214,0);
INSERT INTO `param` (`idparam`,`value`) VALUES (215,1.32771);
INSERT INTO `objparam` (`idobject`,`idparam`,`num`) VALUES (316,215,1);
INSERT INTO `entity` (`identity`,`layer`) VALUES (317,9);
INSERT INTO `object` (`idobject`,`objtype`,`name`) VALUES (317,1,'Точка19');
INSERT INTO `param` (`idparam`,`value`) VALUES (216,0.195653);
INSERT INTO `objparam` (`idobject`,`idparam`,`num`) VALUES (317,216,0);
INSERT INTO `param` (`idparam`,`value`) VALUES (217,1.46611);
INSERT INTO `objparam` (`idobject`,`idparam`,`num`) VALUES (317,217,1);
INSERT INTO `entity` (`identity`,`layer`) VALUES (318,9);
INSERT INTO `object` (`idobject`, `objtype`,`name`)  VALUES (318,2,'Отрезок9');
UPDATE `object` SET `idparent` = 318 WHERE `idobject` = 317;
UPDATE `object` SET `idparent` = 318 WHERE `idobject` = 316;
INSERT INTO `entity` (`identity`,`layer`) VALUES (8,9);
INSERT INTO `constraint` (`idconstraint`,`constrtype`) VALUES (8,1);
INSERT INTO `constrinfo` (`idconstraint`,`idobject`) VALUES (8,5);
INSERT INTO `constrinfo` (`idconstraint`,`idobject`) VALUES (8,7);
INSERT INTO `entity` (`identity`,`layer`) VALUES (15,9);
INSERT INTO `constraint` (`idconstraint`,`constrtype`) VALUES (15,9);
INSERT INTO `constrinfo` (`idconstraint`,`idobject`) VALUES (15,4);
INSERT INTO `constrinfo` (`idconstraint`,`idobject`) VALUES (15,12);
INSERT INTO `entity` (`identity`,`layer`) VALUES (17,9);
INSERT INTO `constraint` (`idconstraint`,`constrtype`) VALUES (17,2);
INSERT INTO `constrinfo` (`idconstraint`,`idobject`) VALUES (17,14);
INSERT INTO `entity` (`identity`,`layer`) VALUES (21,9);
INSERT INTO `constraint` (`idconstraint`,`constrtype`) VALUES (21,9);
INSERT INTO `constrinfo` (`idconstraint`,`idobject`) VALUES (21,6);
INSERT INTO `constrinfo` (`idconstraint`,`idobject`) VALUES (21,18);
INSERT INTO `entity` (`identity`,`layer`) VALUES (23,9);
INSERT INTO `constraint` (`idconstraint`,`constrtype`) VALUES (23,2);
INSERT INTO `constrinfo` (`idconstraint`,`idobject`) VALUES (23,20);
INSERT INTO `entity` (`identity`,`layer`) VALUES (30,9);
INSERT INTO `constraint` (`idconstraint`,`constrtype`) VALUES (30,9);
INSERT INTO `constrinfo` (`idconstraint`,`idobject`) VALUES (30,25);
INSERT INTO `constrinfo` (`idconstraint`,`idobject`) VALUES (30,27);
INSERT INTO `entity` (`identity`,`layer`) VALUES (34,9);
INSERT INTO `constraint` (`idconstraint`,`constrtype`) VALUES (34,9);
INSERT INTO `constrinfo` (`idconstraint`,`idobject`) VALUES (34,28);
INSERT INTO `constrinfo` (`idconstraint`,`idobject`) VALUES (34,31);
INSERT INTO `entity` (`identity`,`layer`) VALUES (38,9);
INSERT INTO `constraint` (`idconstraint`,`constrtype`) VALUES (38,9);
INSERT INTO `constrinfo` (`idconstraint`,`idobject`) VALUES (38,32);
INSERT INTO `constrinfo` (`idconstraint`,`idobject`) VALUES (38,35);
INSERT INTO `entity` (`identity`,`layer`) VALUES (39,9);
INSERT INTO `constraint` (`idconstraint`,`constrtype`) VALUES (39,9);
INSERT INTO `constrinfo` (`idconstraint`,`idobject`) VALUES (39,24);
INSERT INTO `constrinfo` (`idconstraint`,`idobject`) VALUES (39,36);
INSERT INTO `entity` (`identity`,`layer`) VALUES (45,9);
INSERT INTO `constraint` (`idconstraint`,`constrtype`) VALUES (45,6);
INSERT INTO `constrinfo` (`idconstraint`,`idobject`) VALUES (45,26);
INSERT INTO `constrinfo` (`idconstraint`,`idobject`) VALUES (45,33);
INSERT INTO `entity` (`identity`,`layer`) VALUES (46,9);
INSERT INTO `constraint` (`idconstraint`,`constrtype`) VALUES (46,7);
INSERT INTO `constrinfo` (`idconstraint`,`idobject`) VALUES (46,33);
INSERT INTO `constrinfo` (`idconstraint`,`idobject`) VALUES (46,37);
INSERT INTO `entity` (`identity`,`layer`) VALUES (47,9);
INSERT INTO `constraint` (`idconstraint`,`constrtype`) VALUES (47,7);
INSERT INTO `constrinfo` (`idconstraint`,`idobject`) VALUES (47,26);
INSERT INTO `constrinfo` (`idconstraint`,`idobject`) VALUES (47,29);
INSERT INTO `entity` (`identity`,`layer`) VALUES (67,9);
INSERT INTO `constraint` (`idconstraint`,`constrtype`) VALUES (67,9);
INSERT INTO `constrinfo` (`idconstraint`,`idobject`) VALUES (67,6);
INSERT INTO `constrinfo` (`idconstraint`,`idobject`) VALUES (67,64);
INSERT INTO `entity` (`identity`,`layer`) VALUES (71,9);
INSERT INTO `constraint` (`idconstraint`,`constrtype`) VALUES (71,9);
INSERT INTO `constrinfo` (`idconstraint`,`idobject`) VALUES (71,6);
INSERT INTO `constrinfo` (`idconstraint`,`idobject`) VALUES (71,68);
INSERT INTO `entity` (`identity`,`layer`) VALUES (79,9);
INSERT INTO `constraint` (`idconstraint`,`constrtype`) VALUES (79,9);
INSERT INTO `constrinfo` (`idconstraint`,`idobject`) VALUES (79,37);
INSERT INTO `constrinfo` (`idconstraint`,`idobject`) VALUES (79,76);
INSERT INTO `entity` (`identity`,`layer`) VALUES (80,9);
INSERT INTO `constraint` (`idconstraint`,`constrtype`) VALUES (80,10);
INSERT INTO `constrinfo` (`idconstraint`,`idobject`) VALUES (80,37);
INSERT INTO `constrinfo` (`idconstraint`,`idobject`) VALUES (80,76);
INSERT INTO `entity` (`identity`,`layer`) VALUES (81,9);
INSERT INTO `constraint` (`idconstraint`,`constrtype`) VALUES (81,6);
INSERT INTO `constrinfo` (`idconstraint`,`idobject`) VALUES (81,33);
INSERT INTO `constrinfo` (`idconstraint`,`idobject`) VALUES (81,78);
INSERT INTO `entity` (`identity`,`layer`) VALUES (83,9);
INSERT INTO `constraint` (`idconstraint`,`constrtype`) VALUES (83,9);
INSERT INTO `constrinfo` (`idconstraint`,`idobject`) VALUES (83,50);
INSERT INTO `constrinfo` (`idconstraint`,`idobject`) VALUES (83,78);
INSERT INTO `entity` (`identity`,`layer`) VALUES (84,9);
INSERT INTO `constraint` (`idconstraint`,`constrtype`) VALUES (84,9);
INSERT INTO `constrinfo` (`idconstraint`,`idobject`) VALUES (84,59);
INSERT INTO `constrinfo` (`idconstraint`,`idobject`) VALUES (84,78);
INSERT INTO `entity` (`identity`,`layer`) VALUES (88,9);
INSERT INTO `constraint` (`idconstraint`,`constrtype`) VALUES (88,9);
INSERT INTO `constrinfo` (`idconstraint`,`idobject`) VALUES (88,78);
INSERT INTO `constrinfo` (`idconstraint`,`idobject`) VALUES (88,85);
INSERT INTO `entity` (`identity`,`layer`) VALUES (100,9);
INSERT INTO `constraint` (`idconstraint`,`constrtype`) VALUES (100,15);
INSERT INTO `constrinfo` (`idconstraint`,`idobject`) VALUES (100,99);
INSERT INTO `entity` (`identity`,`layer`) VALUES (101,9);
INSERT INTO `constraint` (`idconstraint`,`constrtype`) VALUES (101,9);
INSERT INTO `constrinfo` (`idconstraint`,`idobject`) VALUES (101,86);
INSERT INTO `constrinfo` (`idconstraint`,`idobject`) VALUES (101,97);
INSERT INTO `entity` (`identity`,`layer`) VALUES (105,9);
INSERT INTO `constraint` (`idconstraint`,`constrtype`) VALUES (105,8);
INSERT INTO `constrinfo` (`idconstraint`,`idobject`) VALUES (105,5);
INSERT INTO `constrinfo` (`idconstraint`,`idobject`) VALUES (105,104);
INSERT INTO `entity` (`identity`,`layer`) VALUES (106,9);
INSERT INTO `constraint` (`idconstraint`,`constrtype`) VALUES (106,9);
INSERT INTO `constrinfo` (`idconstraint`,`idobject`) VALUES (106,13);
INSERT INTO `constrinfo` (`idconstraint`,`idobject`) VALUES (106,104);
INSERT INTO `entity` (`identity`,`layer`) VALUES (107,9);
INSERT INTO `constraint` (`idconstraint`,`constrtype`) VALUES (107,9);
INSERT INTO `constrinfo` (`idconstraint`,`idobject`) VALUES (107,77);
INSERT INTO `constrinfo` (`idconstraint`,`idobject`) VALUES (107,104);
INSERT INTO `entity` (`identity`,`layer`) VALUES (108,9);
INSERT INTO `constraint` (`idconstraint`,`constrtype`) VALUES (108,8);
INSERT INTO `constrinfo` (`idconstraint`,`idobject`) VALUES (108,7);
INSERT INTO `constrinfo` (`idconstraint`,`idobject`) VALUES (108,104);
INSERT INTO `entity` (`identity`,`layer`) VALUES (109,9);
INSERT INTO `constraint` (`idconstraint`,`constrtype`) VALUES (109,9);
INSERT INTO `constrinfo` (`idconstraint`,`idobject`) VALUES (109,19);
INSERT INTO `constrinfo` (`idconstraint`,`idobject`) VALUES (109,104);
INSERT INTO `entity` (`identity`,`layer`) VALUES (110,9);
INSERT INTO `constraint` (`idconstraint`,`constrtype`) VALUES (110,3);
INSERT INTO `constrinfo` (`idconstraint`,`idobject`) VALUES (110,104);
INSERT INTO `entity` (`identity`,`layer`) VALUES (111,9);
INSERT INTO `constraint` (`idconstraint`,`constrtype`) VALUES (111,8);
INSERT INTO `constrinfo` (`idconstraint`,`idobject`) VALUES (111,87);
INSERT INTO `constrinfo` (`idconstraint`,`idobject`) VALUES (111,99);
INSERT INTO `entity` (`identity`,`layer`) VALUES (117,9);
INSERT INTO `constraint` (`idconstraint`,`constrtype`) VALUES (117,9);
INSERT INTO `constrinfo` (`idconstraint`,`idobject`) VALUES (117,4);
INSERT INTO `constrinfo` (`idconstraint`,`idobject`) VALUES (117,115);
INSERT INTO `entity` (`identity`,`layer`) VALUES (120,9);
INSERT INTO `constraint` (`idconstraint`,`constrtype`) VALUES (120,9);
INSERT INTO `constrinfo` (`idconstraint`,`idobject`) VALUES (120,6);
INSERT INTO `constrinfo` (`idconstraint`,`idobject`) VALUES (120,118);
INSERT INTO `entity` (`identity`,`layer`) VALUES (121,9);
INSERT INTO `constraint` (`idconstraint`,`constrtype`) VALUES (121,1);
INSERT INTO `constrinfo` (`idconstraint`,`idobject`) VALUES (121,116);
INSERT INTO `constrinfo` (`idconstraint`,`idobject`) VALUES (121,119);
INSERT INTO `entity` (`identity`,`layer`) VALUES (137,9);
INSERT INTO `constraint` (`idconstraint`,`constrtype`) VALUES (137,15);
INSERT INTO `constrinfo` (`idconstraint`,`idobject`) VALUES (137,136);
INSERT INTO `entity` (`identity`,`layer`) VALUES (138,9);
INSERT INTO `constraint` (`idconstraint`,`constrtype`) VALUES (138,9);
INSERT INTO `constrinfo` (`idconstraint`,`idobject`) VALUES (138,123);
INSERT INTO `constrinfo` (`idconstraint`,`idobject`) VALUES (138,134);
INSERT INTO `entity` (`identity`,`layer`) VALUES (139,9);
INSERT INTO `constraint` (`idconstraint`,`constrtype`) VALUES (139,9);
INSERT INTO `constrinfo` (`idconstraint`,`idobject`) VALUES (139,126);
INSERT INTO `constrinfo` (`idconstraint`,`idobject`) VALUES (139,135);
INSERT INTO `entity` (`identity`,`layer`) VALUES (140,9);
INSERT INTO `constraint` (`idconstraint`,`constrtype`) VALUES (140,8);
INSERT INTO `constrinfo` (`idconstraint`,`idobject`) VALUES (140,124);
INSERT INTO `constrinfo` (`idconstraint`,`idobject`) VALUES (140,136);
INSERT INTO `entity` (`identity`,`layer`) VALUES (141,9);
INSERT INTO `constraint` (`idconstraint`,`constrtype`) VALUES (141,8);
INSERT INTO `constrinfo` (`idconstraint`,`idobject`) VALUES (141,127);
INSERT INTO `constrinfo` (`idconstraint`,`idobject`) VALUES (141,136);
INSERT INTO `entity` (`identity`,`layer`) VALUES (142,9);
INSERT INTO `constraint` (`idconstraint`,`constrtype`) VALUES (142,9);
INSERT INTO `constrinfo` (`idconstraint`,`idobject`) VALUES (142,115);
INSERT INTO `constrinfo` (`idconstraint`,`idobject`) VALUES (142,133);
INSERT INTO `entity` (`identity`,`layer`) VALUES (147,9);
INSERT INTO `constraint` (`idconstraint`,`constrtype`) VALUES (147,15);
INSERT INTO `constrinfo` (`idconstraint`,`idobject`) VALUES (147,146);
INSERT INTO `entity` (`identity`,`layer`) VALUES (148,9);
INSERT INTO `constraint` (`idconstraint`,`constrtype`) VALUES (148,9);
INSERT INTO `constrinfo` (`idconstraint`,`idobject`) VALUES (148,125);
INSERT INTO `constrinfo` (`idconstraint`,`idobject`) VALUES (148,144);
INSERT INTO `entity` (`identity`,`layer`) VALUES (149,9);
INSERT INTO `constraint` (`idconstraint`,`constrtype`) VALUES (149,9);
INSERT INTO `constrinfo` (`idconstraint`,`idobject`) VALUES (149,122);
INSERT INTO `constrinfo` (`idconstraint`,`idobject`) VALUES (149,145);
INSERT INTO `entity` (`identity`,`layer`) VALUES (156,9);
INSERT INTO `constraint` (`idconstraint`,`constrtype`) VALUES (156,7);
INSERT INTO `constrinfo` (`idconstraint`,`idobject`) VALUES (156,152);
INSERT INTO `constrinfo` (`idconstraint`,`idobject`) VALUES (156,155);
INSERT INTO `entity` (`identity`,`layer`) VALUES (157,9);
INSERT INTO `constraint` (`idconstraint`,`constrtype`) VALUES (157,9);
INSERT INTO `constrinfo` (`idconstraint`,`idobject`) VALUES (157,151);
INSERT INTO `constrinfo` (`idconstraint`,`idobject`) VALUES (157,153);
INSERT INTO `entity` (`identity`,`layer`) VALUES (161,9);
INSERT INTO `constraint` (`idconstraint`,`constrtype`) VALUES (161,6);
INSERT INTO `constrinfo` (`idconstraint`,`idobject`) VALUES (161,152);
INSERT INTO `constrinfo` (`idconstraint`,`idobject`) VALUES (161,160);
INSERT INTO `entity` (`identity`,`layer`) VALUES (162,9);
INSERT INTO `constraint` (`idconstraint`,`constrtype`) VALUES (162,9);
INSERT INTO `constrinfo` (`idconstraint`,`idobject`) VALUES (162,154);
INSERT INTO `constrinfo` (`idconstraint`,`idobject`) VALUES (162,158);
INSERT INTO `entity` (`identity`,`layer`) VALUES (166,9);
INSERT INTO `constraint` (`idconstraint`,`constrtype`) VALUES (166,6);
INSERT INTO `constrinfo` (`idconstraint`,`idobject`) VALUES (166,155);
INSERT INTO `constrinfo` (`idconstraint`,`idobject`) VALUES (166,165);
INSERT INTO `entity` (`identity`,`layer`) VALUES (167,9);
INSERT INTO `constraint` (`idconstraint`,`constrtype`) VALUES (167,9);
INSERT INTO `constrinfo` (`idconstraint`,`idobject`) VALUES (167,159);
INSERT INTO `constrinfo` (`idconstraint`,`idobject`) VALUES (167,163);
INSERT INTO `entity` (`identity`,`layer`) VALUES (168,9);
INSERT INTO `constraint` (`idconstraint`,`constrtype`) VALUES (168,9);
INSERT INTO `constrinfo` (`idconstraint`,`idobject`) VALUES (168,150);
INSERT INTO `constrinfo` (`idconstraint`,`idobject`) VALUES (168,164);
INSERT INTO `entity` (`identity`,`layer`) VALUES (169,9);
INSERT INTO `constraint` (`idconstraint`,`constrtype`) VALUES (169,6);
INSERT INTO `constrinfo` (`idconstraint`,`idobject`) VALUES (169,29);
INSERT INTO `constrinfo` (`idconstraint`,`idobject`) VALUES (169,152);
INSERT INTO `entity` (`identity`,`layer`) VALUES (172,9);
INSERT INTO `constraint` (`idconstraint`,`constrtype`) VALUES (172,9);
INSERT INTO `constrinfo` (`idconstraint`,`idobject`) VALUES (172,4);
INSERT INTO `constrinfo` (`idconstraint`,`idobject`) VALUES (172,170);
INSERT INTO `entity` (`identity`,`layer`) VALUES (198,9);
INSERT INTO `constraint` (`idconstraint`,`constrtype`) VALUES (198,9);
INSERT INTO `constrinfo` (`idconstraint`,`idobject`) VALUES (198,33);
INSERT INTO `constrinfo` (`idconstraint`,`idobject`) VALUES (198,195);
INSERT INTO `entity` (`identity`,`layer`) VALUES (203,9);
INSERT INTO `constraint` (`idconstraint`,`constrtype`) VALUES (203,9);
INSERT INTO `constrinfo` (`idconstraint`,`idobject`) VALUES (203,33);
INSERT INTO `constrinfo` (`idconstraint`,`idobject`) VALUES (203,200);
INSERT INTO `entity` (`identity`,`layer`) VALUES (208,9);
INSERT INTO `constraint` (`idconstraint`,`constrtype`) VALUES (208,9);
INSERT INTO `constrinfo` (`idconstraint`,`idobject`) VALUES (208,33);
INSERT INTO `constrinfo` (`idconstraint`,`idobject`) VALUES (208,205);
INSERT INTO `entity` (`identity`,`layer`) VALUES (213,9);
INSERT INTO `constraint` (`idconstraint`,`constrtype`) VALUES (213,9);
INSERT INTO `constrinfo` (`idconstraint`,`idobject`) VALUES (213,33);
INSERT INTO `constrinfo` (`idconstraint`,`idobject`) VALUES (213,210);
INSERT INTO `entity` (`identity`,`layer`) VALUES (236,9);
INSERT INTO `constraint` (`idconstraint`,`constrtype`) VALUES (236,15);
INSERT INTO `constrinfo` (`idconstraint`,`idobject`) VALUES (236,235);
INSERT INTO `entity` (`identity`,`layer`) VALUES (237,9);
INSERT INTO `constraint` (`idconstraint`,`constrtype`) VALUES (237,9);
INSERT INTO `constrinfo` (`idconstraint`,`idobject`) VALUES (237,216);
INSERT INTO `constrinfo` (`idconstraint`,`idobject`) VALUES (237,234);
INSERT INTO `entity` (`identity`,`layer`) VALUES (238,9);
INSERT INTO `constraint` (`idconstraint`,`constrtype`) VALUES (238,9);
INSERT INTO `constrinfo` (`idconstraint`,`idobject`) VALUES (238,118);
INSERT INTO `constrinfo` (`idconstraint`,`idobject`) VALUES (238,232);
INSERT INTO `entity` (`identity`,`layer`) VALUES (243,9);
INSERT INTO `constraint` (`idconstraint`,`constrtype`) VALUES (243,15);
INSERT INTO `constrinfo` (`idconstraint`,`idobject`) VALUES (243,242);
INSERT INTO `entity` (`identity`,`layer`) VALUES (247,9);
INSERT INTO `constraint` (`idconstraint`,`constrtype`) VALUES (247,9);
INSERT INTO `constrinfo` (`idconstraint`,`idobject`) VALUES (247,233);
INSERT INTO `constrinfo` (`idconstraint`,`idobject`) VALUES (247,244);
INSERT INTO `entity` (`identity`,`layer`) VALUES (260,9);
INSERT INTO `constraint` (`idconstraint`,`constrtype`) VALUES (260,9);
INSERT INTO `constrinfo` (`idconstraint`,`idobject`) VALUES (260,232);
INSERT INTO `constrinfo` (`idconstraint`,`idobject`) VALUES (260,239);
INSERT INTO `entity` (`identity`,`layer`) VALUES (261,9);
INSERT INTO `constraint` (`idconstraint`,`constrtype`) VALUES (261,9);
INSERT INTO `constrinfo` (`idconstraint`,`idobject`) VALUES (261,229);
INSERT INTO `constrinfo` (`idconstraint`,`idobject`) VALUES (261,241);
INSERT INTO `entity` (`identity`,`layer`) VALUES (280,9);
INSERT INTO `constraint` (`idconstraint`,`constrtype`) VALUES (280,9);
INSERT INTO `constrinfo` (`idconstraint`,`idobject`) VALUES (280,240);
INSERT INTO `constrinfo` (`idconstraint`,`idobject`) VALUES (280,245);
INSERT INTO `entity` (`identity`,`layer`) VALUES (281,9);
INSERT INTO `constraint` (`idconstraint`,`constrtype`) VALUES (281,12);
INSERT INTO `param` (`idparam`,`value`) VALUES (218,0.2);
INSERT INTO `constrparam` (`idconstraint`,`idparam`) VALUES (281,218);
INSERT INTO `constrinfo` (`idconstraint`,`idobject`) VALUES (281,116);
INSERT INTO `entity` (`identity`,`layer`) VALUES (226,9);
INSERT INTO `constraint` (`idconstraint`,`constrtype`) VALUES (226,9);
INSERT INTO `constrinfo` (`idconstraint`,`idobject`) VALUES (226,220);
INSERT INTO `constrinfo` (`idconstraint`,`idobject`) VALUES (226,223);
INSERT INTO `entity` (`identity`,`layer`) VALUES (57,9);
INSERT INTO `constraint` (`idconstraint`,`constrtype`) VALUES (57,9);
INSERT INTO `constrinfo` (`idconstraint`,`idobject`) VALUES (57,51);
INSERT INTO `constrinfo` (`idconstraint`,`idobject`) VALUES (57,54);
INSERT INTO `entity` (`identity`,`layer`) VALUES (61,9);
INSERT INTO `constraint` (`idconstraint`,`constrtype`) VALUES (61,9);
INSERT INTO `constrinfo` (`idconstraint`,`idobject`) VALUES (61,55);
INSERT INTO `constrinfo` (`idconstraint`,`idobject`) VALUES (61,58);
INSERT INTO `entity` (`identity`,`layer`) VALUES (66,9);
INSERT INTO `constraint` (`idconstraint`,`constrtype`) VALUES (66,9);
INSERT INTO `constrinfo` (`idconstraint`,`idobject`) VALUES (66,51);
INSERT INTO `constrinfo` (`idconstraint`,`idobject`) VALUES (66,63);
INSERT INTO `entity` (`identity`,`layer`) VALUES (72,9);
INSERT INTO `constraint` (`idconstraint`,`constrtype`) VALUES (72,9);
INSERT INTO `constrinfo` (`idconstraint`,`idobject`) VALUES (72,55);
INSERT INTO `constrinfo` (`idconstraint`,`idobject`) VALUES (72,69);
INSERT INTO `entity` (`identity`,`layer`) VALUES (75,9);
INSERT INTO `constraint` (`idconstraint`,`constrtype`) VALUES (75,9);
INSERT INTO `constrinfo` (`idconstraint`,`idobject`) VALUES (75,55);
INSERT INTO `constrinfo` (`idconstraint`,`idobject`) VALUES (75,73);
INSERT INTO `entity` (`identity`,`layer`) VALUES (114,9);
INSERT INTO `constraint` (`idconstraint`,`constrtype`) VALUES (114,9);
INSERT INTO `constrinfo` (`idconstraint`,`idobject`) VALUES (114,55);
INSERT INTO `constrinfo` (`idconstraint`,`idobject`) VALUES (114,112);
INSERT INTO `entity` (`identity`,`layer`) VALUES (185,9);
INSERT INTO `constraint` (`idconstraint`,`constrtype`) VALUES (185,9);
INSERT INTO `constrinfo` (`idconstraint`,`idobject`) VALUES (185,177);
INSERT INTO `constrinfo` (`idconstraint`,`idobject`) VALUES (185,181);
INSERT INTO `entity` (`identity`,`layer`) VALUES (189,9);
INSERT INTO `constraint` (`idconstraint`,`constrtype`) VALUES (189,6);
INSERT INTO `constrinfo` (`idconstraint`,`idobject`) VALUES (189,178);
INSERT INTO `constrinfo` (`idconstraint`,`idobject`) VALUES (189,188);
INSERT INTO `entity` (`identity`,`layer`) VALUES (190,9);
INSERT INTO `constraint` (`idconstraint`,`constrtype`) VALUES (190,9);
INSERT INTO `constrinfo` (`idconstraint`,`idobject`) VALUES (190,182);
INSERT INTO `constrinfo` (`idconstraint`,`idobject`) VALUES (190,186);
INSERT INTO `entity` (`identity`,`layer`) VALUES (192,9);
INSERT INTO `constraint` (`idconstraint`,`constrtype`) VALUES (192,6);
INSERT INTO `constrinfo` (`idconstraint`,`idobject`) VALUES (192,56);
INSERT INTO `constrinfo` (`idconstraint`,`idobject`) VALUES (192,188);
INSERT INTO `entity` (`identity`,`layer`) VALUES (193,9);
INSERT INTO `constraint` (`idconstraint`,`constrtype`) VALUES (193,9);
INSERT INTO `constrinfo` (`idconstraint`,`idobject`) VALUES (193,74);
INSERT INTO `constrinfo` (`idconstraint`,`idobject`) VALUES (193,187);
INSERT INTO `entity` (`identity`,`layer`) VALUES (194,9);
INSERT INTO `constraint` (`idconstraint`,`constrtype`) VALUES (194,9);
INSERT INTO `constrinfo` (`idconstraint`,`idobject`) VALUES (194,74);
INSERT INTO `constrinfo` (`idconstraint`,`idobject`) VALUES (194,176);
INSERT INTO `entity` (`identity`,`layer`) VALUES (199,9);
INSERT INTO `constraint` (`idconstraint`,`constrtype`) VALUES (199,9);
INSERT INTO `constrinfo` (`idconstraint`,`idobject`) VALUES (199,74);
INSERT INTO `constrinfo` (`idconstraint`,`idobject`) VALUES (199,196);
INSERT INTO `entity` (`identity`,`layer`) VALUES (204,9);
INSERT INTO `constraint` (`idconstraint`,`constrtype`) VALUES (204,9);
INSERT INTO `constrinfo` (`idconstraint`,`idobject`) VALUES (204,74);
INSERT INTO `constrinfo` (`idconstraint`,`idobject`) VALUES (204,201);
INSERT INTO `entity` (`identity`,`layer`) VALUES (209,9);
INSERT INTO `constraint` (`idconstraint`,`constrtype`) VALUES (209,9);
INSERT INTO `constrinfo` (`idconstraint`,`idobject`) VALUES (209,188);
INSERT INTO `constrinfo` (`idconstraint`,`idobject`) VALUES (209,206);
INSERT INTO `entity` (`identity`,`layer`) VALUES (214,9);
INSERT INTO `constraint` (`idconstraint`,`constrtype`) VALUES (214,9);
INSERT INTO `constrinfo` (`idconstraint`,`idobject`) VALUES (214,188);
INSERT INTO `constrinfo` (`idconstraint`,`idobject`) VALUES (214,211);
INSERT INTO `entity` (`identity`,`layer`) VALUES (218,9);
INSERT INTO `constraint` (`idconstraint`,`constrtype`) VALUES (218,9);
INSERT INTO `constrinfo` (`idconstraint`,`idobject`) VALUES (218,74);
INSERT INTO `constrinfo` (`idconstraint`,`idobject`) VALUES (218,215);
INSERT INTO `entity` (`identity`,`layer`) VALUES (222,9);
INSERT INTO `constraint` (`idconstraint`,`constrtype`) VALUES (222,9);
INSERT INTO `constrinfo` (`idconstraint`,`idobject`) VALUES (222,74);
INSERT INTO `constrinfo` (`idconstraint`,`idobject`) VALUES (222,219);
INSERT INTO `entity` (`identity`,`layer`) VALUES (227,9);
INSERT INTO `constraint` (`idconstraint`,`constrtype`) VALUES (227,9);
INSERT INTO `constrinfo` (`idconstraint`,`idobject`) VALUES (227,178);
INSERT INTO `constrinfo` (`idconstraint`,`idobject`) VALUES (227,224);
INSERT INTO `entity` (`identity`,`layer`) VALUES (231,9);
INSERT INTO `constraint` (`idconstraint`,`constrtype`) VALUES (231,9);
INSERT INTO `constrinfo` (`idconstraint`,`idobject`) VALUES (231,178);
INSERT INTO `constrinfo` (`idconstraint`,`idobject`) VALUES (231,228);
INSERT INTO `entity` (`identity`,`layer`) VALUES (287,9);
INSERT INTO `constraint` (`idconstraint`,`constrtype`) VALUES (287,9);
INSERT INTO `constrinfo` (`idconstraint`,`idobject`) VALUES (287,283);
INSERT INTO `constrinfo` (`idconstraint`,`idobject`) VALUES (287,284);
INSERT INTO `entity` (`identity`,`layer`) VALUES (291,9);
INSERT INTO `constraint` (`idconstraint`,`constrtype`) VALUES (291,9);
INSERT INTO `constrinfo` (`idconstraint`,`idobject`) VALUES (291,283);
INSERT INTO `constrinfo` (`idconstraint`,`idobject`) VALUES (291,288);
INSERT INTO `entity` (`identity`,`layer`) VALUES (295,9);
INSERT INTO `constraint` (`idconstraint`,`constrtype`) VALUES (295,9);
INSERT INTO `constrinfo` (`idconstraint`,`idobject`) VALUES (295,283);
INSERT INTO `constrinfo` (`idconstraint`,`idobject`) VALUES (295,292);
INSERT INTO `entity` (`identity`,`layer`) VALUES (299,9);
INSERT INTO `constraint` (`idconstraint`,`constrtype`) VALUES (299,9);
INSERT INTO `constrinfo` (`idconstraint`,`idobject`) VALUES (299,283);
INSERT INTO `constrinfo` (`idconstraint`,`idobject`) VALUES (299,296);
INSERT INTO `entity` (`identity`,`layer`) VALUES (303,9);
INSERT INTO `constraint` (`idconstraint`,`constrtype`) VALUES (303,9);
INSERT INTO `constrinfo` (`idconstraint`,`idobject`) VALUES (303,283);
INSERT INTO `constrinfo` (`idconstraint`,`idobject`) VALUES (303,300);
INSERT INTO `entity` (`identity`,`layer`) VALUES (307,9);
INSERT INTO `constraint` (`idconstraint`,`constrtype`) VALUES (307,9);
INSERT INTO `constrinfo` (`idconstraint`,`idobject`) VALUES (307,283);
INSERT INTO `constrinfo` (`idconstraint`,`idobject`) VALUES (307,304);
INSERT INTO `entity` (`identity`,`layer`) VALUES (311,9);
INSERT INTO `constraint` (`idconstraint`,`constrtype`) VALUES (311,9);
INSERT INTO `constrinfo` (`idconstraint`,`idobject`) VALUES (311,283);
INSERT INTO `constrinfo` (`idconstraint`,`idobject`) VALUES (311,308);
INSERT INTO `entity` (`identity`,`layer`) VALUES (315,9);
INSERT INTO `constraint` (`idconstraint`,`constrtype`) VALUES (315,9);
INSERT INTO `constrinfo` (`idconstraint`,`idobject`) VALUES (315,283);
INSERT INTO `constrinfo` (`idconstraint`,`idobject`) VALUES (315,312);
INSERT INTO `entity` (`identity`,`layer`) VALUES (319,9);
INSERT INTO `constraint` (`idconstraint`,`constrtype`) VALUES (319,9);
INSERT INTO `constrinfo` (`idconstraint`,`idobject`) VALUES (319,283);
INSERT INTO `constrinfo` (`idconstraint`,`idobject`) VALUES (319,316);
INSERT INTO `entity` (`identity`,`layer`) VALUES (320,9);
INSERT INTO `constraint` (`idconstraint`,`constrtype`) VALUES (320,12);
INSERT INTO `param` (`idparam`,`value`) VALUES (219,0.1);
INSERT INTO `constrparam` (`idconstraint`,`idparam`) VALUES (320,219);
INSERT INTO `constrinfo` (`idconstraint`,`idobject`) VALUES (320,283);
INSERT INTO `entity` (`identity`,`layer`) VALUES (321,9);
INSERT INTO `constraint` (`idconstraint`,`constrtype`) VALUES (321,12);
INSERT INTO `param` (`idparam`,`value`) VALUES (220,0.3);
INSERT INTO `constrparam` (`idconstraint`,`idparam`) VALUES (321,220);
INSERT INTO `constrinfo` (`idconstraint`,`idobject`) VALUES (321,306);
